Scientific Name,Family,Genus,Species,CommonName,CS,1-CS,AOO,1-AOO,RCS,RCS.sd,# GBIF occurrence points post-filtering,# records from IcthyMaps,#HUC-8 from IcthyMaps,#HUC-8s from GBIF records,#HUC-12 from GBIF records,acceptedauthorityapi,scientificnames_submitted,statelist_2005,statelist_2015,Status,SCS Listing,InDistributionModelList,Species Conservation List,NAS occurrence,NASLink,AOO_1km_buffer,AOO_5km_buffer,AOO_10km_buffer,AOO_20km_buffer,EOO_MCP,AOO_HUC12,AOO_HUC8,Rank_1km_Buffer,Rank_5km_buffer,Rank_10km_buffer,Rank_20km_buffer,Rank_MCP,Rank_HUC12,Rank_HUC8,Mean Rank,SD Rank,Standardized mean rank (Z-score),CVRank,NatureServe_Range Size,NatureServe Rank,logBuffer1km,logBuffer5km,logBuffer100km,logBuffer20km,logHUC8,logHUC12,logMCP,logNatureServe,Justication if GBIF # records<50,Nomenclature changes,Other notes,SID,ALTSID,NOTES,FID,GID,ITISTSN,OTHERNAMES,NATIVE,MAXTL,MATUAGE,LONGEVITY,FECUNDITY,SERIAL,SEASON,A_1_1,A_1_2,A_1_3A,A_1_3B,A_1_3C,A_1_4,A_1_5,A_1_6,A_2_3A,A_2_3B,A_2_3C,A_2_4A,A_2_4C,B_1_3A,B_1_4,B_2_2,B_2_3A,B_2_3B,B_2_4,B_2_5,B_2_6,B_2_7A,B_2_7B,B_2_7C,C1_3_4_C24,LISTED,REASON,dietary breadth,niche breadth
Esox americanus,Esocidae,Esox,americanus,banded pygmy sunfish,0.421934037,0.578065963,0.961031662,0.038968338,0.30851715,0.064116603,3752,5096,441,330,1960,http://services.itis.gov/?q=tsn:162140,Esox americanus,"Connecticut,Iowa,Michigan,Vermont","Connecticut,Iowa,New Hampshire,Vermont",1,0,TRUE,,Yes,https://nas.er.usgs.gov/queries/FactSheet.aspx?SpeciesID=674,8822.447252,153985.0765,394418.0059,812905.53,3353888.873,198637.1114,1228594.74,127,127,127,128,125,128,128,127.1429,1.069045,1,0.840822,1964411.688,125,3.945589,5.187479,5.595957,5.91004,6.089409,5.29806,6.525549,6.293233,,,,Eamerica,Eamerica,174,Esocidae,Esox,162140,grass pickerel,1,37.6,2.5,7,4584,1,3,0,0,0,0,0,0,1,0,0,0,0,0,0,0,0,0,0,0,0,0,0,0,0,0,0,0,0,3,8
Aphredoderus sayanus,Aphredoderidae,Aphredoderus,sayanus,pirate perch,0.322766978,0.677233022,0.965623197,0.034376803,0.355804913,0.026953128,4671,3529,375,292,2107,http://services.itis.gov/?q=tsn:164405,"Aphredoderus sayanus,Aphroderus sayanus","Iowa,Michigan,Minnesota,New Jersey,Ohio","Iowa,Minnesota,New Jersey,Ohio",1,0,TRUE,,Yes,https://nas.er.usgs.gov/queries/FactSheet.aspx?SpeciesID=313,10258.11207,167495.6549,400727.8182,768320.3405,2602118.928,197207.4907,1069281.781,128,128,128,127,120,127,126,126.2857,2.870208,0.993205,2.272789,1373087.353,121,4.011067,5.224004,5.602849,5.885542,6.029092,5.294923,6.415327,6.137698,,,,Asayanus,Asayanus,35,Aphredod,Aphredod,164405,.,1,14,2,4,160,0,3,0,0,0,0,0,0,0,0,0,0,0,0,0,0,0,0,0,0,0,0,0,0,0,0,1,0,0,4,12
Pimephales vigilax,Cyprinidae,Pimephales,vigilax,bullhead minnow,0.371920581,0.628079419,0.879376123,0.120623877,0.374351648,0.055339442,5237,3436,463,263,1692,http://services.itis.gov/?q=tsn:163518,Pimephales vigilax,"Virginia,West Virginia","Virginia,West Virginia",1,0,FALSE,,No,,8092.142357,135698.3713,368347.0417,763369.2595,2075966.274,185391.6194,1077648,126,126,126,126,115,126,127,124.5714,4.237025,0.979615,3.401282,1568919.563,124,3.908064,5.132575,5.566257,5.882735,6.032477,5.26809,6.31722,6.195601,,,,Pvigilax,Pvigilax,717,Cyprinid,Pimephal,163518,.,1,7,1,5,700,1,2.75,0,0,0,0,0,0,0,0,0,0,0,0,0,0,0,0,0,0,0,0,0,0,0,1,0,0,0,5,15
Anguilla rostrata,Anguillidae,Anguilla,rostrata,American eel,0.524814791,0.475185209,0.620996214,0.379003786,0.427094497,0.144791419,1832,3241,464,216,975,http://services.itis.gov/?q=tsn:161127,"Anguilla rostrata,Anguilla Rostrata","Connecticut,District of Columbia,Florida,Illinois,Iowa,Kansas,Maine,Massachusetts,Minnesota,New Hampshire,New York,Ohio,Puerto Rico,Rhode Island,South Carolina,Texas,Vermont,Virginia,West Virginia,Wisconsin","Arkansas,Connecticut,Delaware,District of Columbia,Florida,Illinois,Iowa,Kansas,Louisiana,Maine,Massachusetts,Minnesota,Missouri,Nebraska,New Hampshire,New Jersey,New York,Ohio,Oklahoma,Pennsylvania,Rhode Island,South Carolina,Tennessee,Texas,Vermont,Virginia,West Virginia,Wisconsin",1,0,TRUE,,No,,4393.736165,78189.91059,210224.4941,484107.7503,4518786.938,165707.1379,859595.7,122,123,123,123,127,125,123,123.7143,1.704336,0.97282,1.377639,2266270.89,127,3.642834,4.893151,5.322683,5.684942,5.934294,5.219341,6.655022,6.355312,,,,,,NA,,,NA,.,NA,NA,NA,NA,NA,NA,NA,NA,NA,NA,NA,NA,NA,NA,NA,NA,NA,NA,NA,NA,NA,NA,NA,NA,NA,NA,NA,NA,NA,NA,NA,NA,NA,NA,NA,NA
Esox niger,Esocidae,Esox,niger,muskellunge,0.5349629,0.4650371,0.588964898,0.411035102,0.438036101,0.096171602,1961,3447,328,240,1071,http://services.itis.gov/?q=tsn:162143,Esox niger,"Connecticut,Oklahoma",Connecticut,1,0,TRUE,,No,,4468.070979,85230.13056,245570.9659,565813.2392,2306868.614,118448.8541,877334.27,123,124,124,125,118,122,124,122.8571,2.340126,0.966025,1.904754,1301531.16,119,3.65012,4.930593,5.390177,5.752673,5.943165,5.073531,6.363023,6.114455,,,,Eniger,Eniger,248,Esocidae,Esox,162143,.,1,99,2,9,8000,1,2,0,0,0,0,0,0,1,0,0,0,0,0,0,0,0,0,0,0,0,0,0,0,0,0,0,0,0,3,11
Etheostoma flabellare,Percidae,Etheostoma,flabellare,fantail darter,0.39773597,0.60226403,0.569734061,0.430265939,0.516264985,0.07441293,2027,6895,393,230,1029,http://services.itis.gov/?q=tsn:168394,Etheostoma flabellare,"Kansas,Michigan,Mississippi","Kansas,Mississippi",1,0,FALSE,,No,,4701.704462,85245.46317,247152.1858,564891.0985,2096111.474,102904.3009,846368.6007,124,125,125,124,117,120,121,122.2857,3.039424,0.961495,2.48551,1380461.109,122,3.672255,4.930671,5.392964,5.751965,5.92756,5.012434,6.321414,6.140024,,,,Eflabell,Eflabell,211,Percidae,Etheosto,168394,.,1,8.4,1,4,467,1,2,0,0,0,0,0,0,0,0,0,0,0,0,0,0,0,0,0,0,0,0,0,1,0,0,0,0,0,3,9
Lepisosteus osseus,Lepisosteidae,Lepisosteus,osseus,longnose gar,0.483614686,0.516385314,0.439620928,0.560379072,0.538382193,0.143562585,909,2305,563,240,600,http://services.itis.gov/?q=tsn:161094,"Lepisosteus osserus,Lepisosteus osseus","Iowa,Maryland,New Jersey",NA,0,0,FALSE,,No,,2207.311176,46796.77119,157692.6322,465570.2976,3662360.409,70740.86286,979125.33,110,112,117,122,126,113,125,117.8571,6.517376,0.926387,5.529895,2296607.747,128,3.343864,4.670216,5.197811,5.667985,5.990838,4.84967,6.563761,6.361087,,,,Losseus,Losseus,449,Lepisost,Lepisost,161094,.,1,200,5,26,77156,1,1.5,0,0,0,0,0,1,0,0,0,0,0,0,0,0,0,0,0,0,0,0,0,0,0,0,0,0,0,3,8
Carpiodes carpio,Catostomidae,Carpiodes,carpio,river carpsucker,0.465252825,0.534747175,0.409315488,0.590684512,0.562715844,0.123448443,1247,2673,546,190,601,http://services.itis.gov/?q=tsn:163919,Carpiodes carpio,"North Carolina,Pennsylvania,West Virginia,Wyoming","North Carolina,West Virginia",1,0,TRUE,,No,,2369.218205,47970.01616,153146.9247,417786.5069,3015675.161,67077.46865,848054.79,111,114,116,118,123,111,122,116.4286,4.859943,0.915062,4.174184,2091639.181,126,3.374605,4.68097,5.185108,5.620954,5.928424,4.826577,6.479385,6.320487,,,,Ccarpio,Cacarpio,42,Catostom,Carpiode,163919,.,1,64,3,10,300000,0,1.5,0,0,0,0,0,1,0,0,0,0,0,0,0,0,0,0,0,0,0,0,0,0,0,0,0,0,0,5,9
Lepomis marginatus,Centrarchidae,Lepomis,marginatus,dollar sunfish,0.330449819,0.669550181,0.485679543,0.514320457,0.591935319,0.046669045,1674,1460,197,172,873,http://services.itis.gov/?q=tsn:168152,Lepomis marginatus,"Kentucky,Missouri,North Carolina","Kentucky,Missouri",1,0,TRUE,,Yes,https://nas.er.usgs.gov/queries/FactSheet.aspx?SpeciesID=3089,3948.160994,72928.81636,199094.1872,439265.8865,1516130.908,105695.0036,654799.1,118,121,121,120,106,121,118,117.8571,5.398412,0.926387,4.580471,794862.6504,102,3.596395,4.862899,5.299059,5.642727,5.816108,5.024054,6.180737,5.900292,,,,Lmargina,Lmargina,440,Centrarc,Lepomis,168152,.,1,12,2,6,600,1,4,0,0,0,0,0,0,0,0,0,0,0,0,0,0,0,1,0,0,0,0,0,0,0,0,0,0,0,5,11
Entosphenus tridentatus,Petromyzontidae,Entosphenus,tridentatus,Pacific lamprey,0.645653274,0.354346726,0.163099603,0.836900397,0.595623561,0.044381463,462,82,77,94,271,http://services.itis.gov/?q=tsn:159699,"Entosphenus tridentatus,Entosphenus tridentate,Lampetra tridentata,Lampetra tridentata ssp. 1,Lampetra tridentata ssp. 5,Lampetra tridentata ssp. 6","Alaska,California,Idaho,Oregon,Washington","Alaska,California,Idaho,Oregon,Washington",1,0,FALSE,,No,,1066.006585,21181.70386,67895.52477,178919.7257,798326.9171,27500.78358,303697.17,94,98,102,104,91,90,104,97.57143,5.99603,0.765572,6.145273,577906.8504,98,3.02776,4.325961,4.831841,5.252658,5.482441,4.439345,5.902181,5.761858,,"Former name: Lampetra tridentata, changed name in Mimsetal2010 Database",changed HUC8 from 10 to 77 due to multiple scientific names for species18Jan2018; Lampetra tridentata in NatureServe,Ltrident,Ltrident,459,Petromyz,Lampetra,159713,.,1,76,5,6,238400,0,7,0,0,0,0,0,0,0,0,0,1,0,0,0,0,0,0,0,0,0,0,0,0,0,0,0,1,3,2,17
Scaphirhynchus albus,Acipenseridae,Scaphirhynchus,albus,Pallid sturgeon,0.766807677,0.233192323,0.037376797,0.962623203,0.597907763,0.032972115,152,55,28,20,30,http://services.itis.gov/?q=tsn:161081,Scaphirhynchus albus,"Arkansas,Illinois,Iowa,Kansas,Kentucky,Louisiana,Mississippi,Missouri,Montana,Nebraska,North Dakota,South Dakota,Tennessee","Arkansas,Illinois,Iowa,Kansas,Kentucky,Louisiana,Mississippi,Missouri,Montana,Nebraska,North Dakota,South Dakota,Tennessee",3,1,FALSE,,No,,111.8248617,2341.69131,8598.059641,30278.3865,955732.6593,3426.906046,132165.94,21,30,38,43,94,34,69,47,25.57342,0.364666,54.41154,307666.2305,79,2.048538,3.36953,3.9344,4.481133,5.12112,3.534902,5.980336,5.48808,,,,Salbus,Salbus,732,Acipense,Scaphirh,161081,.,1,140,10,60,170000,0,2,0,1,0,0,0,0,0,0,0,0,0,0,0,0,0,0,0,0,0,0,0,0,0,0,0,1,1,4,8
Gasterosteus aculeatus,Gasterosteidae,Gasterosteus,aculeatus,threespine stickleback,0.614119063,0.385880937,0.164187704,0.835812296,0.610846617,0.026363596,632,56,17,88,264,http://services.itis.gov/?q=tsn:166365,"Gasterosteus aculeatus,Gasterosteus aculeatus 10,Gasterosteus aculeatus 11,Gasterosteus aculeatus microcephalus,Gasterosteus aculeatus williamsoni","Alaska,California,Massachusetts,New York,Pennsylvania","California,Connecticut,Massachusetts,New York,Pennsylvania",3,4,TRUE,,Yes,https://nas.er.usgs.gov/queries/FactSheet.aspx?SpeciesID=702,1299.755137,22901.03056,67309.34224,166813.6038,5873010.813,29329.00168,271651.74,101,102,101,102,128,94,101,104.1429,10.88468,0.817667,10.45168,512594.2494,96,3.113862,4.359855,4.828075,5.222231,5.434012,4.467297,6.768861,5.709774,,,,Gaculeat,Gaculeat,340,Gasteros,Gasteros,166365,.,1,11,1,2.5,250,0,3,0,0,0,0,0,0,0,0,0,0,0,0,0,0,0,0,0,0,1,0,0,0,0,0,0,1,4,5,11
Cottus asper,Cottidae,Cottus,asper,prickly sculpin,0.637990928,0.362009072,0.134634473,0.865365527,0.613687299,0.052660991,386,65,53,76,211,http://services.itis.gov/?q=tsn:167233,Cottus asper,Alaska,NA,0,0,FALSE,,No,,894.819994,17072.32151,52717.83187,137930.7652,741310.0779,24014.85439,252753.13,91,92,94,99,90,88,98,93.14286,4.099942,0.730464,4.401778,363308.0072,85,2.951736,4.232293,4.721958,5.139661,5.402697,4.38048,5.87,5.560275,,,,Casper,Casper,48,Cottidae,Cottus,167233,.,1,30,2,5,10980,0,4.5,0,0,0,0,0,0,0,0,0,0,0,0,0,0,0,0,0,0,0,0,0,0,0,1,0,0,0,4,6
Morone chrysops,Moronidae,Morone,chrysops,white bass,0.486990093,0.513009907,0.27203226,0.72796774,0.620488824,0.111202539,604,1670,437,147,351,NA,NA,NA,NA,0,0,TRUE,,Yes,https://nas.er.usgs.gov/queries/FactSheet.aspx?SpeciesID=779,1386.255208,29356.56343,99412.57467,302946.5699,3295271.136,40807.96619,619958.58,102,105,109,116,124,100,116,110.2857,8.731443,0.866365,7.917111,1471570.036,123,3.141843,4.467705,4.997441,5.481366,5.792363,4.610745,6.517891,6.167781,,,,Mchrysop,Mchrysop,476,Moronida,Morone,167682,.,1,45,2,7,1000000,0,2,0,0,0,0,0,1,0,0,0,0,0,0,0,0,0,0,0,0,0,0,0,0,0,0,0,0,0,3,10
Amia calva,Amiidae,Amia,calva,bowfin,0.47271421,0.52728579,0.277214464,0.722785536,0.625035663,0.13018314,918,1061,247,153,337,http://services.itis.gov/?q=tsn:161104,Amia calva,"District of Columbia,Iowa,Maryland","Delaware,District of Columbia,Maryland,Nebraska,Pennsylvania",1,0,TRUE,,Yes,https://nas.er.usgs.gov/queries/FactSheet.aspx?SpeciesID=305,1244.730635,27226.96906,94112.31095,287143.6131,3008763.255,49768.88642,623158.1388,100,104,107,113,122,104,117,109.5714,7.976155,0.860702,7.279411,1369872.927,120,3.095075,4.434999,4.973646,5.458099,5.794598,4.696958,6.478388,6.13668,,,,Acalva,Acalva,9,Amiidae,Amia,161104,.,1,109,4,25,64000,0,2.75,0,0,0,0,0,0,0,0,0,0,0,0,0,0,0,1,0,0,0,0,0,0,0,0,0,0,0,4,11
Opsopoeodus emiliae,Cyprinidae,Opsopoeodus,emiliae,pugnose minnow,0.28737257,0.71262743,0.459037237,0.540962763,0.626795097,0.052829394,1680,1314,164,167,814,http://services.itis.gov/?q=tsn:163876,"Opsopoeodus emilae,Opsopoeodus emiliae","Illinois,Iowa,Michigan,Minnesota,Missouri,Ohio,South Carolina","Illinois,Iowa,Michigan,Minnesota,Ohio",1,0,TRUE,,No,,3475.130117,64614.09235,188516.4583,445548.0743,2057213.721,94430.70585,682669.19,116,119,120,121,114,118,120,118.2857,2.497618,0.929785,2.111513,1172599.367,117,3.540971,4.810327,5.275349,5.648895,5.83421,4.975113,6.313279,6.06915,,,,Oemiliae,Oemiliae,620,Cyprinid,Opsopoeo,163876,.,1,6.4,1.5,3,600,1,2,0,0,0,0,0,0,0,0,0,0,0,0,0,0,0,0,0,0,0,0,0,0,0,1,0,0,0,7,11
Percina sciera,Percidae,Percina,sciera,dusky darter,0.315511262,0.684488738,0.427201973,0.572798027,0.628643382,0.045737188,2028,2142,230,160,790,http://services.itis.gov/?q=tsn:168475,Percina sciera,"Georgia,Virginia,West Virginia","Georgia,Ohio,Virginia,West Virginia",1,0,FALSE,,No,,3791.902368,62797.48196,174181.5064,397993.2163,1089398.644,80847.26456,616670.12,117,118,119,117,98,115,115,114.1429,7.267016,0.896942,6.366597,844346.7139,104,3.578857,4.797942,5.241002,5.599876,5.790053,4.907665,6.037187,5.926521,,,,Psciera,Psciera,702,Percidae,Percina,168475,.,1,13,1,4,2000,1,1.5,0,0,0,0,0,0,0,0,0,1,0,0,0,0,0,0,0,0,0,0,0,0,0,0,0,0,0,2,9
Moxostoma duquesnii,Catostomidae,Moxostoma,duquesnii,black redhorse,0.404767626,0.595232374,0.322840734,0.677159266,0.63619582,0.058981475,1459,2126,229,126,586,http://services.itis.gov/?q=tsn:553274,Moxostoma duquesnei,"Illinois,Iowa,Kansas,Michigan,Minnesota,Mississippi,New York,Wisconsin","Iowa,Kansas,Michigan,Minnesota,Mississippi,New York,Ohio,Wisconsin",1,0,TRUE,,No,,2832.647916,47204.72308,129314.0244,301868.6594,1240972.783,59877.27559,487011.9,113,113,113,115,100,107,112,110.4286,5.223573,0.867497,4.730273,862009.1603,106,3.452193,4.673985,5.111646,5.479818,5.68754,4.777262,6.093762,5.935512,,,updated SGCN 11Jan2018; Moxostoma duquesnei in NatureServe,Mduquesn,Mduquesn,482,Catostom,Moxostom,163938,.,1,51,3.5,9.5,17252,0,1,0,0,1,0,0,0,0,0,0,0,0,0,0,0,0,0,0,0,0,0,0,0,0,0,0,0,0,5,13
Elassoma zonatum,Elassomatidae,Elassoma,zonatum,Okefenokee pygmy sunfish,0.228312016,0.771687984,0.485713743,0.514286257,0.642987121,0.039630619,1865,1752,215,173,952,http://services.itis.gov/?q=tsn:168171,"Elassoma zonatum,Elassoma zonatum","Illinois,Indiana,North Carolina","Illinois,Indiana,Missouri",1,0,TRUE,,No,,4143.482493,75448.88225,203803.5123,438040.3898,1272033.821,97099.20816,670246.67,121,122,122,119,102,119,119,117.7143,7.06433,0.925255,6.001251,841265.6938,103,3.617366,4.877653,5.309212,5.641514,5.826235,4.987216,6.104499,5.924933,,,,Ezonatum,Ezonatum,311,Elassoma,Elassoma,168171,.,1,4.7,1,2,970,0,2,0,0,0,0,0,0,0,0,0,0,0,0,0,0,1,0,0,0,0,0,0,0,0,0,0,0,0,4,8
Cottus rhotheus,Cottidae,Cottus,rhotheus,torrent sculpin,0.549838445,0.450161555,0.136704556,0.863295444,0.6567285,0.041475798,398,150,63,65,264,http://services.itis.gov/?q=tsn:167252,Cottus rhotheus,Montana,NA,0,0,TRUE,,No,,1013.988062,19921.61076,58278.10838,130919.4979,460258.294,25505.67923,222487.19,93,96,99,96,77,89,92,91.71429,7.250616,0.719139,7.905656,300600.5,78,3.006033,4.299324,4.765505,5.117004,5.347305,4.406637,5.663002,5.47799,,,,Crhotheu,Crhotheu,139,Cottidae,Cottus,167252,.,1,15.5,2,6,448,0,3,0,0,0,0,0,0,0,0,0,0,0,0,0,0,0,0,0,0,0,0,0,1,0,0,0,0,0,4,9
Lepomis punctatus,Centrarchidae,Lepomis,punctatus,Spotted sunfish,0.306274307,0.693725693,0.366419726,0.633580274,0.663652983,0.04567082,2181,1124,221,90,689,http://services.itis.gov/?q=tsn:168155,Lepomis punctatus,North Carolina,NA,0,0,TRUE,,No,,4030.842527,60717.79876,146735.0346,278522.6935,631783.1842,87095.01549,336231.04,119,117,115,112,86,116,105,110,11.5181,0.8641,10.471,350321.9129,83,3.605396,4.783316,5.166534,5.444861,5.526638,4.939993,5.800568,5.544467,,,,Lpunctat,Lpunctat,454,Centrarc,Lepomis,168155,.,1,20,2,5,15000,1,5,0,0,0,0,0,0,0,0,0,0,0,0,0,0,0,1,0,0,0,0,0,0,0,0,0,0,0,7,11
Chrosomus erythrogaster,Cyprinidae,Chrosomus,erythrogaster,southern redbelly dace,0.403925867,0.596074133,0.256118576,0.743881424,0.669977778,0.062007325,778,1854,217,120,419,http://services.itis.gov/?q=tsn:913994,"Chrosomus erythrogaster,Phoxinus erythrogaster","Colorado,Illinois,Iowa,Kansas,Michigan,Mississippi,New Mexico,Pennsylvania,South Dakota,West Virginia","Colorado,Iowa,Kansas,Michigan,Mississippi,New Mexico,Ohio,Pennsylvania,South Dakota,West Virginia",1,0,TRUE,,No,,1805.229292,34678.66267,105295.2972,265392.3544,2089017.141,43253.92323,459097.42,107,109,111,110,116,102,111,109.4286,4.27618,0.85957,3.907736,920276.2721,110,3.256532,4.540062,5.022409,5.423888,5.661905,4.636026,6.319942,5.963918,,"Former name: Phoxinus erythrogaster, updated FishTraits",Phoxinus erthrogaster in NatureServe (http://www.natureserve.org/conservation-tools/data-maps-tools/digital-distribution-native-us-fishes-watershed),Perythro,Perythro,656,Cyprinid,Phoxinus,163593,.,1,12,1,3.5,1500,1,2,0,1,0,0,0,0,0,0,0,0,0,0,0,0,0,0,0,0,0,0,0,0,0,0,0,0,0,5,8
Morone americana,Moronidae,Morone,americana,white perch,0.543655583,0.456344417,0.115224729,0.884775271,0.670559844,0.066336162,277,869,122,66,171,http://services.itis.gov/?q=tsn:167678,Morone americana,,Rhode Island,1,0,TRUE,,Yes,https://nas.er.usgs.gov/queries/FactSheet.aspx?SpeciesID=698,634.0354511,13728.83588,46675.4662,136092.9691,463272.3545,17243.623,249128.19,83,88,92,98,78,79,96,87.71429,8.014867,0.687429,9.137471,289149.9773,74,2.802114,4.137634,4.669089,5.133836,5.396423,4.236629,5.665836,5.461123,,,,Mamerica,Mamerica,465,Moronida,Morone,167678,.,1,49.5,3.5,12,150000,0,0.5,0,0,0,0,0,1,0,0,0,0,0,0,0,0,0,0,0,0,0,0,0,0,0,0,0,0,0,4,8
Noturus leptacanthus,Ictaluridae,Noturus,leptacanthus,Speckled Madtom,0.235404573,0.764595427,0.413849056,0.586150944,0.675373186,0.030903464,3012,1709,116,101,900,NA,NA,NA,NA,0,0,TRUE,,No,,4914.449655,71844.17348,169357.6835,299334.4149,493601.2237,90828.33796,370649.63,125,120,118,114,81,117,108,111.8571,14.57656,0.878822,13.03141,394725.0544,89,3.691475,4.856392,5.228805,5.476157,5.568964,4.958221,5.693376,5.596295,,,,Nleptaca,Nleptaca,562,Ictaluri,Noturus,164019,.,1,9.4,1,2.5,45,0,4,0,0,0,0,0,0,0,0,0,0,0,0,0,0,0,0,0,0,0,0,0,0,0,1,0,0,0,2,11
Lampetra ayresii,Petromyzontidae,Lampetra,ayresii,western river lamprey,0.624330521,0.375669479,0.007874896,0.992125104,0.683897292,0.076648824,33,17,14,9,12,http://services.itis.gov/?q=tsn:622248,"Lampetra ayresi,Lampetra ayresii,Lampetra ayresii","Alaska,California,Washington","Alaska,California,Oregon,Washington",1,0,FALSE,,No,,45.44915474,1017.57562,3840.227672,13814.29046,146632.8802,1413.014286,22747.18,4,7,9,20,54,6,24,17.71429,17.68911,0.132503,99.8579,125858.3502,54,1.657526,3.007567,3.584357,4.140329,4.356928,3.150147,5.166231,5.099882,Species included to maintain geographic representation of the western region,,,Layresii,Layresi,419,Petromyz,Lampetra,622248,.,1,31.1,6,7,11400,NA,4,NA,NA,NA,NA,NA,NA,NA,NA,NA,NA,NA,NA,NA,NA,NA,NA,NA,NA,NA,NA,0,NA,NA,NA,NA,1,3,4,13
Lepisosteus oculatus,Lepisosteidae,Lepisosteus,oculatus,spotted gar,0.369501279,0.630498721,0.26253449,0.73746551,0.683982116,0.116273097,970,848,216,122,279,http://services.itis.gov/?q=tsn:161095,"Lepisosteus oculatus,Lespisosteus oculatus","Iowa,Kansas,Michigan,Ohio,Pennsylvania","Kansas,Ohio,Pennsylvania",1,0,FALSE,,Yes,https://nas.er.usgs.gov/queries/FactSheet.aspx?SpeciesID=756,1222.674603,22852.41814,75810.49681,226232.333,1553815.158,64150.08812,521275.39,99,100,104,107,108,109,114,105.8571,5.273474,0.831257,4.981689,929081.2519,112,3.087311,4.358932,4.879729,5.354555,5.717067,4.807197,6.191399,5.968054,,,,Loculatu,Loculatu,447,Lepisost,Lepisost,161095,.,1,112,3.5,18,22000,1,5,0,0,0,0,0,0,1,0,0,0,0,0,0,0,0,0,0,0,0,0,0,0,0,0,0,0,0,3,6
Lota lota,Gadidae,Lota,lota,chain pickerel,0.548288887,0.451711113,0.077981502,0.922018498,0.686864805,0.055586714,40,715,170,28,37,http://services.itis.gov/?q=tsn:164725,Lota lota,"Connecticut,Idaho,Iowa,Kentucky,Maine,Massachusetts,New Hampshire,Ohio,Pennsylvania,Wyoming","Alaska,Connecticut,Idaho,Illinois,Iowa,Kentucky,Maine,Massachusetts,Nebraska,New Hampshire,North Dakota,Ohio,Pennsylvania,Washington,Wyoming",1,0,TRUE,,Yes,https://nas.er.usgs.gov/queries/FactSheet.aspx?SpeciesID=698,116.3325068,2839.704364,11034.30823,40763.79944,3005623.797,29243.48801,163675.7536,23,37,43,54,121,92,79,64.14286,34.66232,0.500566,54.03925,928195.6715,111,2.065701,3.453273,4.042745,4.610275,5.213984,4.466029,6.477935,5.96764,Species included to maintain taxonomic representation of the family group and to maintain geographic representation of the Mississippi and western regions,,,Llota,Llota,437,Gadidae,Lota,164725,.,1,152,3,20,1362000,0,3,0,1,0,0,0,0,0,0,0,0,0,0,0,0,0,0,0,0,0,0,0,0,0,0,0,0,0,5,10
Hiodon tergisus,Hiodontidae,Hiodon,tergisus,mooneye,0.521390112,0.478609888,0.082858977,0.917141023,0.697875455,0.057849178,131,558,185,52,94,http://services.itis.gov/?q=tsn:161906,Hiodon tergisus,"Georgia,Michigan,Missouri,New York,Ohio,Oklahoma,Pennsylvania,Vermont,West Virginia","Arkansas,Georgia,Illinois,Michigan,Missouri,New York,North Carolina,Ohio,Oklahoma,Vermont",1,0,TRUE,,No,,343.9102793,7424.135165,26595.42215,87027.07529,1521813.707,11829.41763,220156.44,64,67,75,82,107,67,91,79,15.63117,0.618347,19.78629,857903.1775,105,2.536445,3.870646,4.424807,4.939654,5.342731,4.072963,6.182361,5.933438,,,,Htergisu,Htergisu,393,Hiodonti,Hiodon,161906,.,1,47,2.5,8,20000,0,2,0,1,0,0,0,0,0,0,0,0,0,0,0,0,0,0,0,0,0,0,0,0,0,0,0,0,0,3,8
Pungitius pungitius,Gasterosteidae,Pungitius,pungitius,ninespine stickleback,0.385559865,0.614440135,0.217024459,0.782975541,0.698707838,0.201180022,28,119,55,11,17,http://services.itis.gov/?q=tsn:166387,"Pungitius pungitius,Pungitius pungitius occidentalis,Pungitius pungitius occidentalis 3,Pungitius pungitius occidentalis 4","Alaska,New York","Alaska,Illinois,New York",1,0,FALSE,,Yes,https://nas.er.usgs.gov/queries/FactSheet.aspx?SpeciesID=704,60.55984225,1417.584603,5505.214175,20066.38983,989222.0167,141551.2687,175136.3865,7,11,20,31,96,124,82,53,46.87572,0.412231,88.44476,286058.2937,73,1.782185,3.151549,3.740774,4.302469,5.243376,5.150914,5.995294,5.456455,Species included to maintain taxonomic representation of the family group and to maintain geographic representation of the Mississippi region,,,Ppungiti,Ppungiti,698,Gasteros,Pungitiu,166387,.,1,9,1.5,5,350,0,3,0,0,0,0,0,0,0,0,0,0,0,0,0,0,0,0,0,0,1,0,0,0,0,0,0,0,0,4,10
Etheostoma stigmaeum,Percidae,Etheostoma,stigmaeum,speckled darter,0.24416575,0.75583425,0.356996048,0.643003952,0.699419101,0.021008163,2884,2178,149,90,736,http://services.itis.gov/?q=tsn:168437,Etheostoma stigmaeum,"Florida,Kansas,Virginia","Kansas,Virginia",1,0,FALSE,,No,,4126.270883,60668.38101,144314.9503,265527.858,538893.1804,77520.2276,345152.68,120,116,114,111,84,114,106,109.2857,11.95428,0.858437,10.93856,417101.9809,92,3.615558,4.782962,5.159311,5.42411,5.538011,4.889415,5.731503,5.620242,,,,Estigmae,Estigmae,289,Percidae,Etheosto,168437,.,1,6.1,1,3,440,1,2.5,0,0,0,0,0,0,0,0,0,1,0,0,0,0,0,0,0,0,0,0,0,0,0,0,0,1,4,2,9
Hiodon alosoides,Hiodontidae,Hiodon,alosoides,goldeye,0.531819409,0.468180591,0.06886418,0.93113582,0.699658206,0.051949509,156,549,192,38,76,http://services.itis.gov/?q=tsn:161905,Hiodon alosoides,"Alabama,Arkansas,Iowa,Ohio,Pennsylvania,Texas,West Virginia,Wisconsin,Wyoming","Alabama,Arkansas,Ohio,Texas,West Virginia,Wisconsin,Wyoming",1,0,TRUE,,No,,335.5403025,7161.30429,24868.37207,81643.75218,1874563.037,11526.82883,159852.19,62,66,70,76,113,66,76,75.57143,17.31913,0.591166,22.91757,896311.3785,109,2.525745,3.854992,4.395647,4.911923,5.203719,4.06171,6.2729,5.952459,,,,Halosoid,Halosoid,367,Hiodonti,Hiodon,161905,.,1,52,4,12,25000,0,2.25,0,1,0,0,0,0,0,0,0,0,0,0,0,0,0,0,0,0,0,0,0,0,0,0,0,0,0,3,8
Cycleptus elongatus,Catostomidae,Cycleptus,elongatus,blue sucker,0.541936796,0.458063204,0.058548356,0.941451644,0.699757424,0.05207769,94,437,154,36,54,http://services.itis.gov/?q=tsn:163953,Cycleptus elongatus,"Arkansas,Illinois,Iowa,Kansas,Louisiana,Minnesota,Mississippi,Montana,Nebraska,New Mexico,North Dakota,Ohio,Oklahoma,Tennessee,Texas,West Virginia,Wisconsin","Arkansas,Iowa,Kansas,Louisiana,Minnesota,Mississippi,Missouri,Montana,Nebraska,New Mexico,North Dakota,Ohio,Oklahoma,South Dakota,Tennessee,Texas,West Virginia,Wisconsin",1,0,TRUE,,No,,189.8378806,4223.964634,15979.46347,58301.62422,1672611.122,6449.667506,185225.2282,41,46,56,65,110,52,85,65,24.53569,0.507361,37.74721,966047.0855,113,2.278383,3.62572,4.203562,4.765681,5.2677,3.809537,6.223395,5.984998,,,,Celongat,Cyelonga,162,Catostom,Cycleptu,163953,.,1,93,6,11.5,149520,0,1,0,1,0,0,0,0,0,0,0,0,0,0,0,0,0,0,0,0,0,0,0,0,0,0,0,1,4,4,8
Culaea inconstans,Gasterosteidae,Culaea,inconstans,Brook stickleback,0.288767923,0.711232077,0.30416564,0.69583436,0.703533219,0.144277764,207,1265,213,85,141,https://www1.usgs.gov/csas/swap/species_view.html?sciname=Morone%20saxatilis,Culaea inconstans,"Nebraska, Illinois","New Jersey, Maine",1,0,TRUE,,Yes,https://nas.er.usgs.gov/queries/FactSheet.aspx?SpeciesID=701,522.9142943,11232.08102,39560.33677,133114.7171,2366016.082,131442.6916,504413.095,77,84,88,97,119,123,113,100.1429,18.24307,0.785957,18.21704,991549.209,114,2.718431,4.05046,4.59726,5.124226,5.702786,5.118736,6.374018,5.996314,,,"New species added in July 2018, increasing initial dataset from 124 to 129 species",Cinconst,Cinconst,94,Gasteros,Culaea,166399,.,1,8.7,1,2.5,250,0,2.5,0,0,0,0,0,0,0,0,0,0,0,0,0,0,0,0,0,0,1,0,0,0,0,0,0,0,0,5,15
Etheostoma gracile,Percidae,Etheostoma,gracile,slough darter,0.335766036,0.664233964,0.253253759,0.746746241,0.705490103,0.064843258,664,1817,208,111,428,http://services.itis.gov/?q=tsn:168366,Etheostoma gracile,Kansas,Kansas,1,0,FALSE,,No,,1630.713825,33880.46558,104547.9058,261368.703,725504.1218,46259.20817,449673.28,106,107,110,109,88,103,110,104.7143,7.782765,0.822197,7.432381,681784.0015,100,3.212378,4.529949,5.019315,5.417254,5.652897,4.665198,5.86064,5.833647,,,,Egracile,Egracile,217,Percidae,Etheosto,168366,.,1,6,1,3.5,50,0,5,0,0,0,0,0,0,0,0,0,0,0,0,0,0,1,0,0,0,0,0,0,0,0,0,0,0,0,2,9
Gila robusta,Cyprinidae,Gila,robusta,roundtail chub,0.55242504,0.44757496,0.031149312,0.968850688,0.708212824,0.0635724,38,284,65,20,28,http://services.itis.gov/?q=tsn:163558,Gila robusta,"Arizona,Colorado,New Mexico,Utah,Wyoming","Arizona,Colorado,New Mexico,Utah,Wyoming",3,4,TRUE,,No,,90.44000509,2097.087679,8064.913097,30069.02245,319890.103,2941.535405,108881.04,15,24,35,41,65,28,59,38.14286,18.31601,0.294451,48.0195,374266.9078,86,1.956361,3.321617,3.9066,4.478119,5.036952,3.468574,5.505001,5.573181,Species included to maintain geographic representation of the Mississippi and western regions,,,Grobusta,Grobusta,364,Cyprinid,Gila,163558,.,1,43,2,9,45125,0,2,0,0,1,0,0,0,0,0,0,0,0,0,0,0,0,0,0,0,0,0,0,0,0,0,0,1,4,5,12
Lepisosteus platostomus,Lepisosteidae,Lepisosteus,platostomus,shortnose gar,0.473743644,0.526256356,0.107933669,0.892066331,0.709161343,0.068912524,187,563,190,70,125,http://services.itis.gov/?q=tsn:161096,Lepisosteus platostomus,"Alabama,Montana,Ohio","Alabama,Montana,Ohio",1,0,TRUE,,Yes,https://nas.er.usgs.gov/queries/FactSheet.aspx?SpeciesID=757,431.0972257,10135.24971,36183.51222,116721.8376,1067655.944,14489.68471,286703.35,70,81,84,92,97,75,103,86,11.91638,0.673839,13.85625,992714.3389,115,2.634575,4.005834,4.558511,5.067152,5.457433,4.161059,6.028431,5.996824,,,,Lplatost,Lplatost,452,Lepisost,Lepisost,161096,.,1,88,3,20,36460,0,2,0,0,0,0,0,1,0,0,0,0,0,0,0,0,0,0,0,0,0,0,0,0,0,0,0,0,0,3,8
Morone mississippiensis,Moronidae,Morone,mississippiensis,yellow bass,0.496907359,0.503092641,0.078398529,0.921601471,0.712347056,0.075796033,121,471,152,51,86,http://services.itis.gov/?q=tsn:167683,Morone mississippiensis,Minnesota,Minnesota,1,0,TRUE,,Yes,https://nas.er.usgs.gov/queries/FactSheet.aspx?SpeciesID=785,306.7153026,7019.49371,25588.66255,85270.27562,983671.3353,13327.98153,196620.72,58,63,72,81,95,72,87,75.42857,13.10035,0.590034,17.36788,486029.2824,95,2.486735,3.846306,4.408048,4.930798,5.293629,4.124764,5.99285,5.686662,,,,Mmississ,Mmississ,493,Moronida,Morone,167683,.,1,46,3,6,165000,0,2,0,0,0,0,0,1,0,0,0,0,0,0,0,0,0,0,0,0,0,0,0,0,0,0,0,0,0,3,9
Umbra pygmaea,Umbridae,Umbra,pygmaea,eastern mudminnow,0.360065167,0.639934833,0.198212223,0.801787777,0.720861305,0.036971377,732,718,93,75,427,http://services.itis.gov/?q=tsn:162148,Umbra pygmaea,Florida,"Delaware,Florida,New Jersey,Pennsylvania",1,0,FALSE,,No,,1820.316372,33472.90827,86876.3864,175130.911,357058.8204,41273.23977,242566.24,108,106,105,103,71,101,94,98.28571,12.8545,0.771234,13.0787,279569.7393,72,3.260147,4.524693,4.938902,5.243363,5.38483,4.615669,5.55274,5.44649,,,"Deleted one nonnative occurrence record, changed Nacceptable records from 748 to 747, Records.since.1975 from 533 to 532, Records.since.1980 from 477 to 476.",Upygmaea,Upygmaea,767,Umbridae,Umbra,162148,.,1,11.5,1,4,1500,0,1,0,0,0,0,0,0,0,0,0,0,0,0,0,0,0,1,0,0,0,0,0,0,0,0,0,0,0,4,10
Umbra limi,Umbridae,Umbra,limi,central mudminnow,0.356167798,0.643832202,0.19643914,0.80356086,0.723696531,0.095049897,184,2264,203,75,132,http://services.itis.gov/?q=tsn:162153,Umbra limi,"Illinois,Iowa,Kentucky,Missouri,South Dakota,West Virginia","Arkansas,Illinois,Iowa,Kentucky,Missouri,Ohio,Pennsylvania,South Dakota,West Virginia",1,0,TRUE,,Yes,https://nas.er.usgs.gov/queries/FactSheet.aspx?SpeciesID=977,483.0882342,10494.67917,37150.70924,121475.3682,1649396.651,69804.64484,369516.9481,75,82,85,94,109,112,107,94.85714,14.71313,0.744054,15.51083,892534.7947,108,2.684026,4.020969,4.569967,5.084488,5.567634,4.843884,6.217325,5.950625,,,,Ulimi,Ulimi,766,Umbridae,Umbra,162153,.,1,14,1,4,1500,0,1.5,0,0,0,0,0,0,0,0,0,0,0,0,0,0,1,0,0,0,0,0,0,0,0,0,0,0,0,5,12
Morone saxatilis,Moronidae,Morone,saxatilis,Rockfish,0.448016745,0.551983255,0.100115451,0.899884549,0.725933902,0.053858265,190,927,306,69,112,https://www1.usgs.gov/csas/swap/species_view.html?sciname=Morone%20saxatilis,Morone saxatilis,"Florida, Mississippi, South Carolina, Conneticut, Maine","South Carolina, New Jersey, Delaware, Conneticut, Maine",1,0,TRUE,,Yes,https://nas.er.usgs.gov/queries/FactSheet.aspx?SpeciesID=787,424.4618163,9122.499148,32103.89023,107974.508,1328182.287,13288.72228,269121.17,69,76,79,90,103,71,100,84,13.75984,0.657984,16.38077,541402.8492,97,2.627839,3.960114,4.506558,5.033321,5.429948,4.123483,6.123258,5.733521,,,"New species added in July 2018, increasing initial dataset from 124 to 129 species",Msaxatil,Msaxatil,500,Moronida,Morone,167680,.,1,200,4.5,30,5000000,0,0.5,0,0,0,0,0,1,0,0,0,0,0,0,0,0,0,0,0,0,0,0,0,0,0,0,0,0,0,4,11
Percopsis omiscomaycus,Percopsidae,Percopsis,omiscomaycus,trout-perch,0.453596861,0.546403139,0.088871257,0.911128743,0.728765941,0.04869479,70,809,156,31,58,http://services.itis.gov/?q=tsn:164409,"Percopisis omiscomaycus,Percopsis omiscomaycus","Alaska,Illinois,Indiana,Iowa,Maryland,Missouri,Montana,Nebraska,North Dakota,South Dakota,Virginia","Alaska,Illinois,Indiana,Iowa,Missouri,Montana,Nebraska,North Dakota,South Dakota",1,0,TRUE,,Yes,https://nas.er.usgs.gov/queries/FactSheet.aspx?SpeciesID=833,186.1680836,4255.702661,15746.72987,55578.89239,1779026.354,31722.98162,178926.78,40,47,55,62,112,97,83,70.85714,27.00265,0.553794,38.10857,711686.8732,101,2.269905,3.628971,4.19719,4.74491,5.252675,4.501374,6.250182,5.852289,,,,Pomiscom,Pomiscom,688,Percopsi,Percopsi,164409,.,1,20,1,2.5,1825,0,2.5,0,0,0,1,0,0,0,0,0,0,0,0,0,0,0,0,0,0,0,0,0,0,0,0,0,0,0,6,16
Catostomus macrocheilus,Catostomidae,Catostomus,macrocheilus,largescale sucker,0.490900928,0.509099072,0.046316973,0.953683027,0.73139105,0.057997815,78,145,73,30,50,NA,NA,NA,NA,0,0,FALSE,,No,,170.6496839,3911.580479,14009.54622,47008.32188,349536.1954,5518.183207,139453.28,34,45,49,60,70,44,74,53.71429,14.70504,0.417894,27.3764,316811.0969,80,2.232105,3.592352,4.146424,4.672175,5.144429,3.741796,5.543492,5.5008,,,,Cmacroch,Cmacroch,105,Catostom,Catostom,163896,.,1,61,5,16,20000,0,3,0,0,0,1,0,0,0,0,0,0,0,0,0,0,0,0,0,0,0,0,0,0,0,0,0,0,0,9,8
Mylopharodon conocephalus,Cyprinidae,Mylopharodon,conocephalus,hardhead,0.51211145,0.48788855,0.019577681,0.980422319,0.734155435,0.088454274,41,73,30,17,27,http://services.itis.gov/?q=tsn:163587,Mylopharodon conocephalus,California,California,1,0,FALSE,,No,,106.6448897,2236.734619,7878.356597,25307.80835,60085.6095,2740.816063,52162.09,20,27,32,36,40,25,40,31.42857,7.742892,0.241223,24.63648,149542.3311,59,2.02794,3.349614,3.896436,4.403255,4.717355,3.43788,4.77877,5.174764,Species included to maintain geographic representation of the western region,,,Mconocep,Mconocep,478,Cyprinid,Mylophar,163587,.,1,100,3,10,24000,0,4.5,0,0,1,0,0,0,0,0,0,0,0,0,0,0,0,0,0,0,0,0,0,0,0,0,0,0,0,6,11
Acrocheilus alutaceus,Cyprinidae,Acrocheilus,alutaceus,chiselmouth,0.449741278,0.550258722,0.0802205,0.9197795,0.735019111,0.040615492,163,66,40,46,101,NA,NA,NA,NA,0,0,FALSE,,No,,387.8768747,7685.538936,26090.26163,84045.14992,343547.5127,10353.825,212642.75,66,69,73,80,68,64,89,72.71429,8.901578,0.568516,12.24186,322176.1566,81,2.588694,3.885674,4.416478,4.924513,5.327651,4.015101,5.535987,5.508093,,,,Aalutace,Aalutace,3,Cyprinid,Acrochei,163531,.,1,30,4.5,8,18400,0,2,0,0,1,0,0,0,0,0,0,0,0,0,0,0,0,0,0,0,0,0,0,0,0,0,0,0,0,6,10
Cyprinella camura,Cyprinidae,Cyprinella,camura,bluntface shiner,0.386450117,0.613549883,0.14022144,0.85977856,0.736664222,0.038476143,1082,394,33,40,307,http://services.itis.gov/?q=tsn:163776,"Cyprinella camura,Cyprinella camurus","Arkansas,Kentucky,Louisiana,Missouri,Oklahoma","Arkansas,Kentucky,Louisiana,Missouri,Oklahoma",1,0,TRUE,,No,,1592.156767,23883.10468,56804.58717,109427.7874,394486.4022,31309.99147,139431.4,105,103,97,91,74,96,73,91.28571,12.99634,0.715742,14.23699,173270.5854,65,3.201986,4.378091,4.754383,5.039128,5.144361,4.495683,5.596032,5.238725,,,,Ccamura,Ccamura,63,Cyprinid,Cyprinel,163776,.,1,11,1.5,3,370,1,4,0,0,0,0,0,0,0,0,0,0,0,0,1,0,0,0,0,0,0,0,0,0,0,0,0,0,0,3,10
Catostomus clarkii,Catostomidae,Catostomus,clarkii,desert sucker,0.483671195,0.516328805,0.042489569,0.957510431,0.736919618,0.054518231,95,525,31,18,56,http://services.itis.gov/?q=tsn:163901,"Catostomus clarki,Catostomus clarkii,Catostomus clarkii ssp. (unnamed)","Arizona,New Mexico,Utah","Arizona,Nevada,New Mexico,Utah",1,0,TRUE,,No,,197.6687589,4260.284288,14781.43851,41981.06757,151520.1143,6293.08981,110378.09,45,48,52,57,55,50,62,52.71429,5.765249,0.409966,10.93679,150008.7566,60,2.295938,3.629439,4.169717,4.623053,5.042883,3.798864,5.18047,5.176117,,,,Cclarkii,Cclarkii,68,Catostom,Catostom,163901,.,1,33,3,9,20000,0,6,0,0,1,0,0,0,0,0,0,0,0,0,0,0,0,0,0,0,0,0,0,0,0,0,0,1,4,4,12
Mylocheilus caurinus,Cyprinidae,Mylocheilus,caurinus,peamouth,0.488095946,0.511904054,0.032786829,0.967213171,0.739558613,0.033297569,68,76,35,23,38,NA,NA,NA,NA,0,0,FALSE,,Yes,https://nas.er.usgs.gov/queries/FactSheet.aspx?SpeciesID=2349,161.0516446,3133.939624,10634.84784,34582.64797,401704.3066,4274.26797,92401.46,32,39,41,49,75,39,56,47.28571,14.47658,0.366931,30.61513,297713.4107,76,2.206965,3.496091,4.026731,4.538858,4.965679,3.630862,5.603906,5.473798,,,,Mcaurinu,Mcaurinu,475,Cyprinid,Mylochei,163521,.,1,36,4,13,34841,0,2.5,0,0,1,0,0,0,0,0,0,0,0,0,0,0,0,0,0,0,0,0,0,0,0,0,0,0,0,5,6
Fundulus dispar,Fundulidae,Fundulus,dispar,Starhead topminnow,0.479149536,0.520850464,0.039480695,0.960519305,0.740684884,0.031604596,89,149,59,22,44,http://services.itis.gov/?q=tsn:165672,Fundulus dispar,"Illinois,Kentucky,Michigan,Mississippi,Missouri,Wisconsin","Illinois,Iowa,Kentucky,Michigan,Mississippi,Missouri,Wisconsin",1,0,FALSE,,No,,195.4427008,3662.410704,12319.06845,39912.13025,519418.5423,4488.903594,114567.81,44,44,46,53,82,40,64,53.28571,14.95231,0.414496,28.06063,238102.5326,67,2.291019,3.563767,4.090578,4.601105,5.059063,3.65214,5.715517,5.376764,,,,Fdispar,Fdispar,323,Fundulid,Fundulus,165672,northern starhead topminnow,1,7.8,1.5,2.5,800,1,2,0,0,0,0,0,1,0,0,0,0,0,0,0,0,0,0,0,0,0,0,0,0,0,0,0,0,0,3,9
Crenichthys baileyi,Goodeidae,Crenichthys,baileyi,White River springfish,0.503560066,0.496439934,0.006112444,0.993887556,0.745163745,0.120770008,176,16,2,2,13,NA,NA,NA,NA,3,4,FALSE,,Yes,https://nas.er.usgs.gov/queries/FactSheet.aspx?SpeciesID=719,62.92186668,1098.053163,3336.629465,9726.144708,7587.221009,1647.092254,12138.62,8,8,8,9,13,8,10,9.142857,1.864454,0.064553,20.39247,12001.25103,7,1.798802,3.040623,3.523308,3.987941,4.084169,3.216718,3.880083,4.079227,,,,.,Cbaileyi,51,Goodeida,Crenicht,165687,.,1,5,0.5,NA,50,1,12,0,0,0,0,0,0,0,0,0,0,0,0,0,0,1,0,0,0,0,0,0,0,0,0,0,1,4,6,8
Etheostoma swaini,Percidae,Etheostoma,swaini,Gulf darter,0.208813979,0.791186021,0.286354087,0.713645913,0.752415967,0.015789615,1640,1373,90,79,608,http://services.itis.gov/?q=tsn:168439,Etheostoma swaini,Kentucky,Kentucky,1,0,FALSE,,No,,3002.560697,49547.4921,124414.1066,232752.0326,324441.0974,62842.18169,284992.09,114,115,112,108,67,108,102,103.7143,16.78009,0.81427,16.17915,297571.6081,75,3.477492,4.695022,5.09487,5.366893,5.454833,4.798251,5.511136,5.473591,,,,Eswaini,Eswaini,292,Percidae,Etheosto,168439,.,1,7.8,1,3,90,0,1,0,0,0,0,0,0,0,0,0,1,0,0,0,0,0,0,0,0,0,0,0,0,0,0,0,0,0,2,12
Polyodon spathula,Polyodontidae,Polyodon,spathula,paddlefish,0.432020475,0.567979525,0.06085658,0.93914342,0.753561473,0.053711115,121,1244,262,40,55,http://services.itis.gov/?q=tsn:161088,"Polydon spathula,Polyodon spathula","Arkansas,Illinois,Iowa,Kansas,Kentucky,Louisiana,Minnesota,Mississippi,Montana,Nebraska,New York,North Dakota,Ohio,Oklahoma,Pennsylvania,South Dakota,Tennessee,Texas,Virginia,West Virginia,Wisconsin","Arkansas,Illinois,Iowa,Kansas,Kentucky,Louisiana,Minnesota,Mississippi,Missouri,Montana,Nebraska,New York,North Dakota,Ohio,Oklahoma,Pennsylvania,Tennessee,Texas,Virginia,West Virginia,Wisconsin",1,0,TRUE,,Yes,https://nas.er.usgs.gov/queries/FactSheet.aspx?SpeciesID=876,221.8650855,4862.465402,17796.79981,62637.53614,1179554.41,7590.96192,180108.23,48,55,60,69,99,55,84,67.14286,18.32511,0.524349,27.29271,1211141.157,118,2.346089,3.686857,4.250342,4.796835,5.255534,3.880297,6.071718,6.083195,,,,Pspathul,Pspathul,706,Polyodon,Polyodon,161088,.,1,221,8,25,1000000,0,1.5,0,1,0,0,0,0,0,0,0,0,0,0,0,0,0,0,0,0,0,0,0,0,0,0,0,1,3,3,9
Elassoma evergladei,Elassomatidae,Elassoma,evergladei,Carolina pygmy sunfish,0.265946679,0.734053321,0.226492016,0.773507984,0.753780652,0.037613596,923,257,76,70,405,http://services.itis.gov/?q=tsn:168169,Elassoma evergladei,North Carolina,"North Carolina,South Carolina",1,0,FALSE,,No,,2092.667326,34183.34593,87345.4366,179552.3226,527669.5295,56955.05844,250303.67,109,108,106,105,83,106,97,102,9.237604,0.80068,9.056475,271215.5708,71,3.3207,4.533815,4.94124,5.254191,5.398467,4.755532,5.722362,5.433315,,,,Eevergla,Eevergla,209,Elassoma,Elassoma,168169,.,1,3.4,1,2,500,0,9,0,0,0,0,0,0,0,0,0,0,0,0,0,0,1,0,0,0,0,0,0,0,0,0,0,0,0,4,7
Percina copelandi,Percidae,Percina,copelandi,channel darter,0.355063357,0.644936643,0.134109149,0.865890851,0.755413747,0.051767148,437,576,121,52,212,http://services.itis.gov/?q=tsn:168480,Percina copelandi,"Indiana,Kansas,Louisiana,Michigan,Missouri,Ohio,Pennsylvania,Vermont,Virginia,West Virginia","Indiana,Kansas,Louisiana,Michigan,Missouri,Ohio,Vermont,Virginia,West Virginia",1,0,TRUE,,No,,887.8045274,16737.01915,49216.34841,118969.8779,1502477.417,23187.81565,266812.6968,90,91,93,93,105,87,99,94,6.082763,0.737259,6.471024,471935.3236,93,2.948317,4.223678,4.692109,5.075437,5.426206,4.36526,6.176808,5.673882,,,,Pcopelan,Pcopelan,645,Percidae,Percina,168480,.,1,7,1,NA,700,NA,1,0,0,0,0,0,0,0,0,1,0,0,0,0,0,0,0,0,0,0,0,0,0,0,0,0,0,0,2,8
Esox lucius,Esocidae,Esox,lucius,redfin pickerel,0.333390131,0.666609869,0.155747287,0.844252713,0.755431291,0.062610975,121,2543,353,63,98,http://services.itis.gov/?q=tsn:162139,"Esox lucius,Esox Lucius",Illinois,"Alaska,Illinois,Iowa",1,0,TRUE,,Yes,https://nas.er.usgs.gov/queries/FactSheet.aspx?SpeciesID=676,337.4714924,7843.504684,29302.78015,104916.7993,1721030.694,37031.88242,413814.613,63,70,76,88,111,98,109,87.85714,18.98621,0.688562,21.61032,1049021.037,116,2.528237,3.89451,4.466909,5.020845,5.616806,4.568576,6.235789,6.020784,,,,Elucius,Elucius,233,Esocidae,Esox,162139,.,1,150,2,30,600000,0,1,0,0,0,0,0,0,1,0,0,0,0,0,0,0,0,0,0,0,0,0,0,0,0,0,0,0,0,3,14
Heterandria formosa,Poeciliidae,Heterandria,formosa,least killifish,0.236143124,0.763856876,0.249816663,0.750183337,0.757020107,0.049675389,1263,311,69,59,447,http://services.itis.gov/?q=tsn:165915,Heterandria formosa,"Mississippi,North Carolina","Mississippi,North Carolina",1,0,FALSE,,Yes,https://nas.er.usgs.gov/queries/FactSheet.aspx?SpeciesID=852,2515.791875,39804.91535,97165.46103,183672.0913,710990.8106,65479.91472,231359.03,112,110,108,106,87,110,93,103.7143,9.707631,0.81427,9.359975,265688.8474,69,3.400675,4.599937,4.987512,5.264043,5.364286,4.816108,5.851864,5.424373,,,,Hformosa,Hformosa,376,Poecilii,Heterand,165915,.,1,3.6,0.3,2.5,300,1,12,0,0,0,0,0,0,0,0,0,0,0,0,0,0,0,0,0,0,0,0,0,0,0,0,1,0,0,3,10
Esox masquinongy,Esocidae,Esox,masquinongy,northern pike,0.429922733,0.570077267,0.048831496,0.951168504,0.760622886,0.018034653,63,923,195,36,55,http://services.itis.gov/?q=tsn:162144,Esox masquinongy,"Illinois,Vermont","Illinois,New York",1,0,TRUE,,Yes,https://nas.er.usgs.gov/queries/FactSheet.aspx?SpeciesID=679,174.8964112,4274.166482,16434.89649,60997.0282,1390558.502,5060.708,146655.1038,36,49,57,68,104,42,75,61.57143,23.2297,0.480181,37.72805,605196.631,99,2.242781,3.630851,4.215767,4.785309,5.166297,3.704211,6.143189,5.781897,,,,Emasquin,Emasquin,238,Esocidae,Esox,162144,.,1,183,4,30,225000,0,1.25,0,0,0,0,0,1,0,0,0,0,0,0,0,0,0,0,0,0,0,0,0,0,0,0,0,0,0,3,11
Acantharchus pomotis,Centrarchidae,Acantharchus,pomotis,mud sunfish,0.325101123,0.674898877,0.146311427,0.853688573,0.764293725,0.042104416,451,992,83,58,291,http://services.itis.gov/?q=tsn:168095,"Acantharchus pomotis,Acantharcus pomotis","Delaware,Florida,Maryland,New York,South Carolina,Virginia","Alabama,Delaware,Florida,Maryland,New Jersey,Virginia",1,0,TRUE,,No,,1173.202988,22885.61179,64146.13734,139698.7619,320650.5322,29121.65179,210266.15,97,101,100,100,66,91,88,91.85714,12.42885,0.720272,13.53062,268875.6098,70,3.069373,4.359563,4.807171,5.145193,5.322769,4.464216,5.506032,5.429551,,,,Apomotis,Apomotis,29,Centrarc,Acanthar,168095,.,1,21,1,4,11838,0,1,0,0,0,0,0,0,0,0,0,0,0,0,0,0,0,0,0,0,0,1,0,0,0,0,0,0,0,4,10
Notropis photogenis,Cyprinidae,Notropis,photogenis,silver shiner,0.328113272,0.671886728,0.133857795,0.866142205,0.769014466,0.053590051,396,1653,139,69,230,http://services.itis.gov/?q=tsn:163461,Notropis photogenis,"Georgia,Michigan,North Carolina","Georgia,Michigan",1,0,FALSE,,No,,944.4829579,17938.24119,55025.47339,150021.1032,381391.3167,21925.87106,248853.45,92,93,96,101,73,84,95,90.57143,9.28901,0.710079,10.25601,389427.1105,87,2.975194,4.25378,4.740564,5.176152,5.395944,4.340957,5.581371,5.590426,,,,Nphotoge,Nphotoge,583,Cyprinid,Notropis,163461,.,1,14,2,3,4500,0,1.25,1,0,0,0,0,0,0,0,0,0,0,0,0,0,0,0,0,0,0,0,0,0,0,0,0,0,0,4,9
Macrhybopsis hyostoma,Cyprinidae,Macrhybopsis,hyostoma,shoal chub,0.367729197,0.632270803,0.083513402,0.916486598,0.774378701,0.0463335,298,156,43,43,116,http://services.itis.gov/?q=tsn:553280,"Macrhybopsis hyostoma,Macrhybopsis hyostomus","Georgia,Kansas,West Virginia,Wisconsin","Alabama,Arkansas,Illinois,Iowa,Kansas,Louisiana,Ohio,West Virginia,Wisconsin",1,0,FALSE,,No,,417.8940899,9025.289988,31438.68579,97671.11879,1241048.596,13063.59897,192130.15,68,75,78,84,101,68,86,80,11.61895,0.626274,14.52369,884669.9568,107,2.621066,3.955461,4.497464,4.989766,5.283596,4.116063,6.093789,5.946781,,,,,,NA,,,NA,.,NA,NA,NA,NA,NA,NA,NA,NA,NA,NA,NA,NA,NA,NA,NA,NA,NA,NA,NA,NA,NA,NA,NA,NA,NA,NA,NA,NA,NA,NA,NA,NA,NA,NA,NA,NA
Catostomus insignis,Catostomidae,Catostomus,insignis,Sonora sucker,0.407349311,0.592650689,0.019825517,0.980174483,0.786412586,0.0486422,36,378,29,9,26,http://services.itis.gov/?q=tsn:163905,Catostomus insignis,"Arizona,New Mexico","Arizona,New Mexico",1,0,TRUE,,No,,92.73959002,2048.786902,7326.325979,22756.64669,74733.29726,3051.543438,54804.67,16,23,30,33,43,29,42,30.85714,9.685532,0.236693,31.3883,110139.8549,49,1.967265,3.311497,3.864886,4.357108,4.738818,3.48452,4.873514,5.041944,Species included to maintain geographic representation of the western region,,Manually reinstated in species list (initially filtered out due to sample size <50 records),Cinsigni,Cinsigni,95,Catostom,Catostom,163905,.,1,80,3,8,50000,1,7,0,0,1,0,0,0,0,0,0,0,0,0,0,0,0,0,0,0,0,0,0,0,0,0,0,1,3,4,12
Enneacanthus chaetodon,Centrarchidae,Enneacanthus,chaetodon,Black-banded sunfish,0.343763267,0.656236733,0.071948328,0.928051672,0.792144202,0.038822031,206,301,57,32,132,http://services.itis.gov/?q=tsn:168108,"Enneacanthus chaetodon,Enneacanthus chatedon","Delaware,Florida,Georgia,Maryland,New Jersey,North Carolina,South Carolina,Virginia","Delaware,Florida,Georgia,Maryland,New Jersey,North Carolina,South Carolina,Virginia",1,0,TRUE,,No,,507.2440352,9906.89527,29476.71083,69599.98939,298699.701,13652.42215,127272.96,76,80,77,72,64,74,66,72.71429,5.851333,0.568516,8.04702,193919.709,66,2.705217,3.995938,4.469479,4.842609,5.104736,4.13521,5.475235,5.287622,,,,Echaetod,Echaetod,191,Centrarc,Enneacan,168108,.,1,10,1.5,3,920,0,1,0,0,0,0,0,0,0,0,0,0,0,0,0,0,0,1,0,0,0,0,0,0,0,0,0,1,3,2,9
Etheostoma asprigene,Percidae,Etheostoma,asprigene,mud darter,0.339571629,0.660428371,0.067953055,0.932046945,0.796237658,0.057593102,118,608,122,42,88,http://services.itis.gov/?q=tsn:168372,Etheostoma asprigene,"Iowa,Minnesota,Mississippi","Iowa,Mississippi,Wisconsin",1,0,FALSE,,No,,312.0346173,7056.947761,24390.86352,77359.48943,489649.5582,10334.62485,167006.33,59,65,69,75,80,63,80,70.14286,8.375133,0.548131,11.94011,390467.1762,88,2.494203,3.848617,4.387227,4.888514,5.222733,4.014295,5.689885,5.591585,,,,Easprige,Easprige,176,Percidae,Etheosto,168372,.,1,7.1,1,3,346,0,2,0,0,0,0,0,0,0,0,0,0,0,0,0,0,1,0,0,0,0,0,0,0,0,0,0,0,0,3,9
Hybopsis amnis,Cyprinidae,Hybopsis,amnis,pallid shiner,0.33660747,0.66339253,0.054264521,0.945735479,0.804564004,0.03502343,114,175,38,32,73,http://services.itis.gov/?q=tsn:201917,"Hybopsis amnis,Notropis amnis","Illinois,Indiana,Iowa,Kentucky,Minnesota,Mississippi,Missouri,Wisconsin","Illinois,Indiana,Iowa,Kentucky,Minnesota,Mississippi,Oklahoma,Wisconsin",1,0,TRUE,,No,,263.2604306,5738.464493,19930.40481,60447.31634,819890.7771,7904.598092,134480.11,52,58,64,66,92,56,71,65.57143,13.31487,0.511891,20.3059,405515.1036,90,2.420386,3.758796,4.299516,4.781377,5.128658,3.89788,5.913756,5.608007,,,,Hamnis,Hamnis,369,Cyprinid,Hybopsis,201917,.,1,7,1.5,3,1000,0,3,0,0,0,0,1,0,0,0,0,0,0,0,0,0,0,0,0,0,0,0,0,0,0,0,0,1,3,3,8
Noturus eleutherus,Ictaluridae,Noturus,eleutherus,Mountain Madtom,0.333407578,0.666592422,0.042054363,0.957945637,0.812269029,0.061434108,110,424,87,30,55,http://services.itis.gov/?q=tsn:164009,Noturus eleutherus,"Alabama,Georgia,Illinois,Missouri,North Carolina,Ohio,Oklahoma,Pennsylvania,Virginia,West Virginia","Alabama,Georgia,Illinois,Missouri,North Carolina,Ohio,Oklahoma,Pennsylvania,Virginia,West Virginia",1,0,TRUE,,No,,229.0567284,4381.324316,14801.66155,46429.24383,548133.2962,5261.18674,110801.65,50,50,53,58,85,43,63,57.42857,13.72172,0.447339,23.89355,248428.3228,68,2.359943,3.641605,4.17031,4.666792,5.044546,3.721084,5.738886,5.395201,,,,Neleuthe,Neleuthe,541,Ictaluri,Noturus,164009,.,1,13,2.5,4.5,115,0,1.5,0,0,0,0,0,0,0,0,0,0,0,0,0,0,0,0,0,0,0,0,0,1,0,0,0,0,0,2,9
Astyanax mexicanus,Characidae,Astyanax,mexicanus,Mexican tetra,0.291442587,0.708557413,0.076132809,0.923867191,0.816212302,0.053096009,302,390,69,24,94,https://www1.usgs.gov/csas/swap/species_view.html?sciname=Astyanax%20mexicanus,Astyanax mexicanus,New Mexico,New Mexico,1,0,FALSE,,Yes,https://nas.er.usgs.gov/queries/FactSheet.aspx?SpeciesID=417,440.3730572,7845.43439,23891.4017,64245.49363,277157.7194,15178.0043,163375.43,72,71,68,70,63,77,78,71.28571,5.154748,0.557191,7.23111,135233.8966,56,2.643821,3.894617,4.378242,4.807843,5.213187,4.181215,5.442727,5.131086,,,"New species added in July 2018, increasing initial dataset from 124 to 129 species",Amexican,Amexican,22,Characid,Astyanax,162850,.,1,12,1,3.5,18714,0,2,0,0,0,0,0,0,1,0,0,0,0,0,0,0,0,0,0,0,0,0,0,0,0,0,0,0,0,8,11
Catostomus fumeiventris,Catostomidae,Catostomus,fumeiventris,Owens sucker,0.358823539,0.641176461,0.005008526,0.994991474,0.818083968,0.105052508,50,15,4,2,8,http://services.itis.gov/?q=tsn:163904,Catostomus fumeiventris,California,California,1,0,FALSE,,Yes,https://nas.er.usgs.gov/queries/FactSheet.aspx?SpeciesID=347,53.86214604,764.8255244,2106.511196,5527.673167,1955.460399,2143.686492,8517.94,5,4,3,3,4,14,4,5.285714,3.9036,0.033975,73.8519,8540.050414,3,1.731284,2.883562,3.323564,3.742542,3.930335,3.331161,3.291249,3.93146,,,,Cfumeive,Cfumeive,83,Catostom,Catostom,163904,.,1,50,NA,NA,NA,0,2,0,0,0,1,0,0,0,0,0,0,0,0,0,0,0,0,0,0,0,0,0,0,0,0,0,0,0,4,11
Lepomis symmetricus,Centrarchidae,Lepomis,symmetricus,Bantam sunfish,0.267626675,0.732373325,0.095985724,0.904014276,0.8181938,0.057063541,194,293,89,53,120,http://services.itis.gov/?q=tsn:168156,Lepomis symmetricus,"Illinois,Indiana,Missouri","Illinois,Indiana,Missouri",1,0,TRUE,,No,,437.6820092,9429.46316,32163.30195,97823.85221,426915.6146,18276.36769,216429.62,71,77,80,85,76,81,90,80,6.218253,0.626274,7.772816,355971.589,84,2.641159,3.974487,4.507361,4.990445,5.335317,4.26189,5.630342,5.551415,,,,Lsymmetr,Lsymmetr,458,Centrarc,Lepomis,168156,.,1,9,1,3.5,1600,0,2,0,0,0,0,0,0,0,0,0,0,0,0,0,0,0,1,0,0,0,0,0,0,0,0,0,0,0,3,8
Lepisosteus platyrhincus,Lepisosteidae,Lepisosteus,platyrhincus,Florida gar,0.253705244,0.746294756,0.108015164,0.891984836,0.819139796,0.036686507,347,176,30,31,149,http://services.itis.gov/?q=tsn:161098,"Lepisosteus platyrhinchus,Lepisosteus platyrhincus",South Carolina,South Carolina,1,0,FALSE,,No,,749.4712713,14434.75237,42462.48007,103613.5713,223583.4458,29560.45074,137062.43,89,89,90,86,62,95,72,83.28571,11.79992,0.652322,14.168,171234.8364,64,2.874755,4.159409,4.628005,5.015417,5.136918,4.470711,5.34944,5.233592,,,,Lplatyrh,Lplatyrh,453,Lepisost,Lepisost,161098,.,1,132,6,20,77156,1,7,0,0,0,0,0,1,0,0,0,0,0,0,0,0,0,0,0,0,0,0,0,0,0,0,0,0,0,3,5
Rhinichthys falcatus,Cyprinidae,Rhinichthys,falcatus,leopard dace,0.331575199,0.668424801,0.027403876,0.972596124,0.820510462,0.051638474,76,26,18,16,33,http://services.itis.gov/?q=tsn:163386,Rhinichthys falcatus,"Idaho,Washington",Washington,1,0,FALSE,,No,,167.3895813,2660.407267,7986.696504,22965.39995,215231.6482,3268.09561,79608.45,33,33,33,34,61,33,49,39.42857,11.19311,0.304643,28.38832,125514.3941,53,2.223728,3.424948,3.902367,4.361074,4.900959,3.514295,5.332906,5.098694,,,,Rfalcatu,Rfalcatu,726,Cyprinid,Rhinicht,163386,.,1,12,2.5,6.5,2500,0,3,0,0,1,0,0,0,0,0,0,0,0,0,0,0,0,0,0,0,0,0,0,0,0,0,0,0,0,4,8
Erimystax insignis,Cyprinidae,Erimystax,insignis,blotched chub,0.303806571,0.696193429,0.049935774,0.950064226,0.823128828,0.069493906,217,146,25,23,83,http://services.itis.gov/?q=tsn:163823,Erimystax insignis,"Georgia,Kentucky,North Carolina,Tennessee,Virginia","Georgia,Kentucky,Tennessee,Virginia",1,0,TRUE,,No,,414.6601594,7028.920902,20933.33935,57288.44784,115123.5017,9077.159491,84955.6,67,64,67,63,49,60,53,60.42857,6.972736,0.471121,11.53881,113058.3438,51,2.617692,3.846889,4.320839,4.758067,4.929192,3.95795,5.061164,5.053303,,,,Einsigni,Einsigni,223,Cyprinid,Erimysta,163823,.,1,9.2,1,2.5,900,0,1,0,0,1,0,0,0,0,0,0,0,0,0,0,0,0,0,0,0,0,0,0,0,0,0,0,0,0,4,10
Lythrurus bellus,Cyprinidae,Lythrurus,bellus,pretty shiner,0.144693142,0.855306858,0.208771193,0.791228807,0.823267832,0.042509081,2280,1106,30,25,495,http://services.itis.gov/?q=tsn:163851,Lythrurus bellus,Georgia,NA,0,0,FALSE,,No,,3227.158018,41051.65833,74976.80883,104132.3206,104965.9403,51619.172,98930.73,115,111,103,87,47,105,57,89.28571,27.09068,0.699887,30.34156,105242.5472,46,3.50882,4.613331,4.874927,5.017586,4.995331,4.712811,5.021048,5.022191,,,,Lbellus,Lbellus,420,Cyprinid,Lythruru,163851,.,1,7.5,1.5,3,1000,0,3,0,0,0,0,0,1,0,0,0,0,0,0,0,0,0,0,0,0,0,0,0,0,0,0,0,0,0,3,10
Notropis scepticus,Cyprinidae,Notropis,scepticus,sandbar shiner,0.235632556,0.764367444,0.101504034,0.898495966,0.831431705,0.056673968,634,585,28,24,251,http://services.itis.gov/?q=tsn:163465,Notropis scepticus,Georgia,"Georgia,South Carolina",1,0,FALSE,,No,,1202.211502,18522.3594,43890.04972,82622.13369,97537.82421,22857.51801,88143.34,98,94,91,78,46,86,54,78.14286,20.36687,0.611552,26.06364,92596.3364,44,3.079981,4.267696,4.642366,4.917096,4.94519,4.359029,4.989173,4.966594,,,,Nsceptic,Nsceptic,595,Cyprinid,Notropis,163465,.,1,9,1.5,3,1164,1,1.5,0,0,0,0,0,0,0,1,0,0,0,0,0,0,0,0,0,0,0,0,0,0,0,0,0,0,0,4,14
Salvelinus confluentus,Salmonidae,Salvelinus,confluentus,Bull trout,0.303388232,0.696611768,0.031450912,0.968549088,0.832580428,0.025338348,362,45,35,23,36,http://services.itis.gov/?q=tsn:162004,"Salvelinus confluentus,Salvelinus confluentus 1,Salvelinus confluentus 10,Salvelinus confluentus 11,Salvelinus confluentus 12,Salvelinus confluentus 2,Salvelinus confluentus 3,Salvelinus confluentus 38,Salvelinus confluentus 39,Salvelinus confluentus 4,Salvelinus confluentus 5,Salvelinus confluentus 6,Salvelinus confluentus 7,Salvelinus confluentus 8,Salvelinus confluentus 9,Salvelinus confluentus pop. 2,Salvelinus confluentus pop. 3,Salvelinus confluentus pop. 4","Idaho,Montana,Nevada,Oregon,Washington","California,Montana,Nevada,Oregon,Washington",2,2,FALSE,,Yes,https://nas.er.usgs.gov/queries/FactSheet.aspx?SpeciesID=938,159.3257526,3367.471487,11315.12473,37824.48654,347059.7581,4207.348759,84408.49,31,42,44,52,69,38,52,46.85714,12.28045,0.363533,26.20828,485358.7696,94,2.202286,3.527304,4.053659,4.577773,4.926386,3.624009,5.540404,5.686063,,,,Sconflue,Sconflue,737,Salmonid,Salvelin,162004,.,1,103,6,19,12000,0,2.5,0,0,0,0,0,0,0,0,1,0,0,0,0,0,0,0,0,0,0,0,0,0,0,0,0,0,0,4,9
Lythrurus lirus,Cyprinidae,Lythrurus,lirus,mountain shiner,0.266324621,0.733675379,0.062642136,0.937357864,0.835516621,0.054862174,274,235,26,22,119,http://services.itis.gov/?q=tsn:163855,Lythrurus lirus,"Georgia,Virginia",Georgia,1,0,FALSE,,No,,546.6227033,9751.991782,26457.93934,60812.90652,134521.901,13080.88897,89804.16,78,79,74,67,53,69,55,67.85714,10.43118,0.530011,15.37227,109650.9352,47,2.737688,3.989093,4.422556,4.783996,4.953296,4.116637,5.128793,5.040012,,,,Llirus,Llirus,436,Cyprinid,Lythruru,163855,.,1,7.5,2,3,1000,0,2,0,0,0,0,0,0,0,0,0,1,0,0,0,0,0,0,0,0,0,0,0,0,0,0,0,0,0,5,10
Percopsis transmontana,Percopsidae,Percopsis,transmontana,sand roller,0.309121133,0.690878867,0.018310965,0.981689035,0.836283951,0.062419977,79,31,16,11,38,http://services.itis.gov/?q=tsn:164410,Percopsis transmontana,Idaho,NA,0,0,FALSE,,No,,172.5539191,2807.159262,7803.819484,18884.12574,36365.19848,3056.882976,36382.7,35,36,31,30,33,30,32,32.42857,2.370453,0.249151,7.309767,86670.42998,42,2.236925,3.448267,3.892307,4.276097,4.560895,3.485279,4.560686,4.937871,,,,Ptransmo,Ptransmo,713,Percopsi,Percopsi,164410,.,1,9.6,1.5,4,4748,0,1.5,0,0,0,1,0,0,0,0,0,0,0,0,0,0,0,0,0,0,0,0,0,0,0,0,0,0,0,3,7
Poeciliopsis occidentalis,Poeciliidae,Poeciliopsis,occidentalis,Gila topminnow,0.290758653,0.709241347,0.035833952,0.964166048,0.836703698,0.056701341,83,77,24,16,60,http://services.itis.gov/?q=tsn:165918,Poeciliopsis occidentalis occidentalis,"Arizona,New Mexico","Arizona,New Mexico",3,1,FALSE,,Yes,https://nas.er.usgs.gov/queries/FactSheet.aspx?SpeciesID=866,227.3103514,4766.82841,13655.41555,31875.36322,56738.34791,5572.509008,82171.2,49,53,48,45,37,45,50,46.71429,5.122313,0.362401,10.9652,109927.1305,48,2.356619,3.67823,4.135305,4.503455,4.91472,3.746051,4.753877,5.041105,,,,Pocciden,Pocciden,684,Poecilii,Poecilio,165918,.,1,6,0.3,1,200,1,12,0,0,0,0,0,0,0,0,0,0,0,0,0,0,0,0,0,0,0,0,0,0,0,0,1,0,0,5,13
Jordanella floridae,Cyprinodontidae,Jordanella,floridae,flagfish,0.19511397,0.80488603,0.1296299,0.8703701,0.837628065,0.032049354,518,98,25,26,202,NA,NA,NA,NA,0,0,FALSE,,Yes,https://nas.er.usgs.gov/queries/factsheet.aspx?SpeciesID=663,1151.268829,20442.90125,54333.5861,106723.6105,115105.1434,37486.09251,109727.76,96,97,95,89,48,99,60,83.42857,20.63054,0.653454,24.72838,111401.4256,50,3.061177,4.310543,4.735068,5.028261,5.040317,4.57387,5.061095,5.046891,,,,Jflorida,Jflorida,410,Cyprinod,Jordanel,165694,.,1,8,0.5,1,100,0,6.5,0,0,0,0,0,0,0,0,0,0,0,0,0,0,1,0,0,0,0,0,0,0,0,0,0,0,0,5,11
Hybognathus hayi,Cyprinidae,Hybognathus,hayi,cypress minnow,0.229432247,0.770567753,0.088738224,0.911261776,0.840914764,0.052473894,251,424,102,47,133,http://services.itis.gov/?q=tsn:163364,Hybognathus hayi,"Florida,Illinois,Kentucky,Missouri,Oklahoma","Florida,Illinois,Kentucky,Missouri,Oklahoma",1,0,TRUE,,No,,576.4842783,10979.46001,34604.06074,97341.09384,362729.4722,15756.09932,172498.75,80,83,82,83,72,78,81,79.85714,3.891382,0.625142,4.87293,322748.7309,82,2.760787,4.040581,4.539127,4.988296,5.236786,4.197449,5.559583,5.508865,,,,Hhayi,Hhayi,378,Cyprinid,Hybognat,163364,.,1,12,1,3.5,2500,0,1,0,0,0,0,1,0,0,0,0,0,0,0,0,0,0,0,0,0,0,0,0,0,0,0,0,0,0,5,9
Agonostomus monticola,Mugilidae,Agonostomus,monticola,Mountain mullet,0.296096962,0.703903038,0.015231105,0.984768895,0.844335967,0.030279981,34,20,14,12,22,https://www1.usgs.gov/csas/swap/species_view.html?sciname=Agonostomus%20monticola,Agonostomus monticola,Florida,Florida,1,0,FALSE,,No,,75.2884171,1715.26124,6336.812941,22299.68573,828871.2458,2690.150185,39667.04,10,16,28,32,93,23,34,33.71429,27.5119,0.259343,81.6031,103656.038,45,1.876728,3.23433,3.801871,4.348299,4.59843,3.429777,5.918487,5.015595,Species included to maintain taxonomic representation of the family group ,,"New species added in July 2018, increasing initial dataset from 124 to 129 species",,,NA,,,NA,.,NA,NA,NA,NA,NA,NA,NA,NA,NA,NA,NA,NA,NA,NA,NA,NA,NA,NA,NA,NA,NA,NA,NA,NA,NA,NA,NA,NA,NA,NA,NA,NA,NA,NA,NA,NA
Ammocrypta beanii,Percidae,Ammocrypta,beanii,naked sand darter,0.166448808,0.833551192,0.141569961,0.858430039,0.845990615,0.007755017,1285,606,47,44,272,http://services.itis.gov/?q=tsn:553376,"Ammocrypta beani,Ammocrypta beanii",Tennessee,Tennessee,1,0,FALSE,,No,,1534.595702,21600.56355,57877.26083,122055.2729,166796.1241,29283.62704,162105.55,104,99,98,95,58,93,77,89.14286,16.13927,0.698754,18.10496,166706.8791,62,3.185994,4.334465,4.762508,5.086557,5.209798,4.466625,5.222186,5.221954,,,,Abeanii,Abeanii,6,Percidae,Ammocryp,553376,.,1,7.2,1,2,122,1,6.5,0,0,0,0,0,0,0,1,0,0,0,0,0,0,0,0,0,0,0,0,0,0,0,0,0,0,0,2,6
Apeltes quadracus,Gasterosteidae,Apeltes,quadracus,fourspine stickleback,0.273797063,0.726202937,0.028326097,0.971673903,0.84893842,0.046276792,99,127,41,16,36,http://services.itis.gov/?q=tsn:166397,"Apeltes quadracus,Apeltes quadricus","Connecticut,Delaware,New York","Connecticut,Delaware,New Jersey,New York",1,0,FALSE,,Yes,https://nas.er.usgs.gov/queries/FactSheet.aspx?SpeciesID=700,184.1325138,3406.613395,10941.10288,32583.93112,204131.0895,6134.182804,55434.85,39,43,42,46,60,48,43,45.85714,6.866066,0.355606,14.97273,122626.7058,52,2.26513,3.532323,4.039061,4.513003,4.743783,3.787757,5.309909,5.088585,,,,Aquadrac,Aquadrac,31,Gasteros,Apeltes,166397,.,1,6.6,1,2.3,60,NA,4,NA,NA,NA,NA,NA,NA,NA,NA,NA,NA,NA,NA,NA,NA,NA,NA,NA,NA,NA,NA,0,NA,NA,NA,NA,0,0,4,7
Ptychocheilus umpquae,Cyprinidae,Ptychocheilus,umpquae,Umpqua pikeminnow,0.282156497,0.717843503,0.01587932,0.98412068,0.850982091,0.033567248,93,22,5,6,38,NA,NA,NA,NA,0,0,FALSE,,Yes,https://nas.er.usgs.gov/queries/FactSheet.aspx?SpeciesID=629,193.1647381,3278.755208,8524.333488,17485.98189,14195.86939,3510.32457,17036.16,42,40,36,28,21,35,16,31.14286,9.805246,0.238958,31.48474,25332.62258,17,2.285928,3.515709,3.93066,4.24269,4.231372,3.545347,4.152162,4.40368,,,,Pumpquae,Pumpquae,714,Cyprinid,Ptychoch,163526,Umpqua squawfish,1,44,3.5,17.5,NA,NA,NA,NA,NA,NA,NA,NA,NA,NA,NA,NA,NA,NA,NA,NA,NA,NA,NA,NA,NA,NA,NA,0,NA,NA,NA,NA,0,0,1,10
Pimephales tenellus,Cyprinidae,Pimephales,tenellus,slim minnow,0.215721232,0.784278768,0.082158591,0.917841409,0.851060089,0.032636965,313,160,45,30,169,NA,NA,NA,NA,0,0,FALSE,,Yes,https://nas.er.usgs.gov/queries/FactSheet.aspx?SpeciesID=622,734.9221919,12742.77417,33984.63591,72335.2442,169073.3979,17896.10766,110119.89,87,85,81,73,59,80,61,75.14286,11.26097,0.587769,14.98609,168139.3427,63,2.866241,4.105264,4.531283,4.85935,5.041866,4.252759,5.228075,5.225669,,,,Ptenellu,Ptenellu,710,Cyprinid,Pimephal,163519,.,1,7,1,3.5,500,1,3,0,0,1,0,0,0,0,0,0,0,0,0,0,0,0,0,0,0,0,0,0,0,0,0,0,1,4,3,7
Phenacobius uranops,Cyprinidae,Phenacobius,uranops,stargazing minnow,0.261060271,0.738939729,0.031504784,0.968495216,0.853717473,0.063201706,134,250,23,15,54,http://services.itis.gov/?q=tsn:163506,Phenacobius uranops,"Alabama,Georgia,Kentucky,Virginia","Alabama,Georgia,Kentucky",1,0,FALSE,,No,,272.6171727,4449.392462,12826.01572,33976.48744,87136.31267,6194.073921,54295.98,55,51,47,47,45,49,41,47.85714,4.450789,0.371461,9.300156,90934.39329,43,2.435553,3.648301,4.108092,4.531178,4.734768,3.791976,4.940199,4.958728,,,,Puranops,Puranops,716,Cyprinid,Phenacob,163506,.,1,12,1,2,2000,0,3,0,0,1,0,0,0,0,0,0,0,0,0,0,0,0,0,0,0,0,0,0,0,0,0,0,0,0,3,9
Etheostoma thalassinum,Percidae,Etheostoma,thalassinum,seagreen darter,0.254861233,0.745138767,0.032104379,0.967895621,0.856517194,0.057972662,169,301,13,8,80,http://services.itis.gov/?q=tsn:168442,Etheostoma thalassinum,South Carolina,"North Carolina,South Carolina",1,0,FALSE,,No,,379.5961895,6287.874889,14461.97221,27750.53117,28209.77081,7527.73126,31248.04,65,59,51,38,31,54,27,46.42857,14.53567,0.360136,31.3076,31287.01823,19,2.579322,3.798504,4.160228,4.443271,4.494823,3.876664,4.4504,4.495364,,,,Ethalass,Ethalass,297,Percidae,Etheosto,168442,.,1,8,1,3,120,0,4,0,0,1,0,0,0,0,0,0,0,0,0,0,0,0,0,0,0,0,0,0,0,0,0,0,0,0,2,8
Hybopsis rubrifrons,Cyprinidae,Hybopsis,rubrifrons,rosyface chub,0.244257789,0.755742211,0.040992849,0.959007151,0.857374681,0.044313249,132,464,24,13,83,http://services.itis.gov/?q=tsn:163489,"Hybopsis rubifrons,Hybopsis rubrifrons","North Carolina,South Carolina","North Carolina,South Carolina",1,0,FALSE,,No,,332.4693201,6742.492742,20047.61143,46759.12019,57131.67385,8318.786119,58405.33,61,61,65,59,38,58,45,55.28571,9.877825,0.430351,17.86687,62454.67823,35,2.521752,3.82882,4.302063,4.669866,4.766452,3.92006,4.756877,4.795565,,,,Hrubrifr,Nrubesce,590,Cyprinid,Hybopsis,163489,.,1,8.4,1,3,1000,0,2,0,0,1,0,0,0,0,0,0,0,0,0,0,0,0,0,0,0,0,0,0,0,0,0,0,0,0,3,9
Crystallaria asprella,Percidae,Crystallaria,asprella,crystal darter,0.225735869,0.774264131,0.059395063,0.940604937,0.857434534,0.036777718,285,152,26,30,77,http://services.itis.gov/?q=tsn:201982,"Ammocrypta asprella,Ammocrypta (Crystallaria) asprella,Crystallaria asprella","Arkansas,Florida,Illinois,Iowa,Louisiana,Minnesota,Mississippi,Missouri,Oklahoma,Tennessee,West Virginia,Wisconsin","Arkansas,Florida,Illinois,Iowa,Louisiana,Minnesota,Mississippi,Missouri,Oklahoma,Wisconsin",1,0,FALSE,,No,,460.4224365,6796.439599,20443.40518,57767.54473,737637.0435,8271.475955,132218.11,73,62,66,64,89,57,70,68.71429,10.35558,0.536806,15.07049,299989.298,77,2.663156,3.832281,4.310553,4.761684,5.121291,3.917583,5.867843,5.477106,,,,Casprell,Aasprell,5,Percidae,Crystall,201982,.,1,14.4,1,3,800,1,4,0,0,0,0,0,0,0,1,0,0,0,0,0,0,0,0,0,0,0,0,0,0,0,0,0,1,3,2,8
Luxilus cardinalis,Cyprinidae,Luxilus,cardinalis,cardinal shiner,0.230375465,0.769624535,0.047221768,0.952778232,0.861201384,0.029772007,330,6,2,11,105,http://services.itis.gov/?q=tsn:163828,Luxilus cardinalis,"Kansas,Oklahoma","Kansas,Missouri,Oklahoma",1,0,FALSE,,No,,599.1081019,8498.198213,19714.01173,35787.82841,49970.69817,10471.62343,44805.1,81,73,63,50,34,65,37,57.57143,17.83122,0.448471,30.97234,59419.34764,32,2.777505,3.929327,4.294775,4.553735,4.651327,4.020014,4.698715,4.773928,,,,Lcardina,Lcardina,421,Cyprinid,Luxilus,163828,.,1,11,1,4,1500,0,3,0,0,0,0,0,0,0,0,1,0,0,0,0,0,0,0,0,0,0,0,0,0,0,0,0,0,0,5,10
Dionda episcopa,Cyprinidae,Dionda,episcopa,roundnose minnow,0.232550428,0.767449572,0.042158909,0.957841091,0.862645331,0.038575334,189,165,42,20,55,http://services.itis.gov/?q=tsn:163513,Dionda episcopa,Texas,Texas,1,0,FALSE,,No,,258.4434805,4515.210669,14220.09909,41208.69808,156989.5201,6530.820379,101758.85,51,52,50,55,57,53,58,53.71429,3.039424,0.417894,5.658501,155132.688,61,2.412366,3.654678,4.152903,4.614989,5.007572,3.814968,5.195871,5.190703,,,,Depiscop,Depiscop,168,Cyprinid,Dionda,163513,.,1,7.7,1.5,3.5,1000,1,1,0,0,1,0,0,0,0,0,0,0,0,0,0,0,0,0,0,0,0,0,0,0,0,0,0,1,4,5,11
Notropis chlorocephalus,Cyprinidae,Notropis,chlorocephalus,greenhead shiner,0.247709002,0.752290998,0.024523226,0.975476774,0.863883886,0.057520702,234,630,22,3,63,http://services.itis.gov/?q=tsn:163436,Notropis chlorocephalus,South Carolina,NA,0,0,FALSE,,No,,462.5934937,5483.295503,9311.459653,15775.06044,11132.18088,5698.419987,11273.27,74,57,39,26,19,46,9,38.57143,22.60426,0.297848,58.60363,11395.79793,6,2.6652,3.739042,3.969018,4.197971,4.05205,3.755754,4.04658,4.056745,,,,Nchloroc,Nchloroc,533,Cyprinid,Notropis,163436,.,1,7.2,NA,NA,NA,NA,1.75,NA,NA,NA,NA,NA,NA,NA,NA,NA,NA,NA,NA,NA,NA,NA,NA,NA,NA,NA,NA,0,NA,NA,NA,NA,0,0,0,8
Thoburnia rhothoeca,Catostomidae,Thoburnia,rhothoeca,Torrent sucker,0.23171877,0.76828123,0.030062656,0.969937344,0.869109287,0.045260327,147,309,15,10,62,http://services.itis.gov/?q=tsn:553276,Thoburnia rhothoeca,West Virginia,West Virginia,1,0,FALSE,,Yes,https://nas.er.usgs.gov/queries/FactSheet.aspx?SpeciesID=370,270.2089797,5002.420318,15012.83032,30348.46083,26909.89153,6440.171007,39334.43,54,56,54,44,28,51,33,45.71429,11.17608,0.354473,24.44767,59514.37261,33,2.4317,3.69918,4.176463,4.482137,4.594773,3.808897,4.429912,4.774622,,,,Trhothoe,Trhothoe,762,Catostom,Thoburni,553276,.,1,18,3,7,1749,0,1,0,0,1,0,0,0,0,0,0,0,0,0,0,0,0,0,0,0,0,0,0,0,0,0,0,0,0,5,10
Cyprinella labrosa,Cyprinidae,Cyprinella,labrosa,thicklip chub,0.232195954,0.767804046,0.026880261,0.973119739,0.870461893,0.051182495,137,45,6,8,63,http://services.itis.gov/?q=tsn:163786,Cyprinella labrosa,"South Carolina,Virginia",South Carolina,1,0,FALSE,,No,,286.9932355,4782.241544,12263.36944,25860.28279,27176.61838,5702.052055,34714.57,57,54,45,37,29,47,30,42.71429,11.08624,0.330691,25.95441,57033.72866,31,2.457872,3.679632,4.08861,4.412633,4.540512,3.756031,4.434195,4.756132,,,,Clabrosa,Hlabrosa,380,Cyprinid,Cyprinel,163786,.,1,5,1.5,NA,NA,NA,3.25,NA,NA,NA,NA,NA,NA,NA,NA,NA,NA,NA,NA,NA,NA,NA,NA,NA,NA,NA,NA,0,NA,NA,NA,NA,0,0,1,9
Hemitremia flammea,Cyprinidae,Hemitremia,flammea,flame chub,0.211364816,0.788635184,0.044792903,0.955207097,0.87192114,0.064538624,315,201,22,12,78,http://services.itis.gov/?q=tsn:163563,Hemitremia flammea,"Georgia,Tennessee","Georgia,Tennessee",1,0,FALSE,,No,,600.1002322,7524.838661,17153.1115,36090.10118,53119.73701,8825.877613,50771.99,82,68,58,51,35,59,39,56,16.26858,0.436014,29.05103,80860.37334,39,2.778224,3.876497,4.234343,4.557388,4.705624,3.945758,4.725256,4.907736,,,,Hflammea,Hflammea,375,Cyprinid,Hemitrem,163563,.,1,7.2,NA,2.5,800,1,4.5,0,0,0,1,0,0,0,0,0,0,0,0,0,0,0,0,0,0,0,0,0,0,0,0,0,1,3,4,11
Leptolucania ommata,Fundulidae,Leptolucania,ommata,pygmy killifish,0.159534949,0.840465051,0.090463002,0.909536998,0.875001025,0.020947727,325,98,33,31,164,http://services.itis.gov/?q=tsn:165696,Leptolucania ommata,Mississippi,Mississippi,1,0,FALSE,,No,,739.7534377,12979.70209,35021.19245,75240.19318,155665.1175,21022.31672,127725.86,88,86,83,74,56,83,67,76.71429,11.71487,0.600227,15.27078,135672.7307,57,2.869087,4.113265,4.544331,4.87645,5.106279,4.322681,5.192191,5.132493,,,,Lommata,Lommata,448,Fundulid,Leptoluc,165696,.,1,2.7,0.8,2,NA,NA,7,NA,NA,NA,NA,NA,NA,NA,NA,NA,NA,NA,NA,NA,NA,NA,NA,NA,NA,NA,NA,0,NA,NA,NA,NA,0,0,1,8
Atractosteus spatula,Lepisosteidae,Atractosteus,spatula,alligator Gar,0.21478389,0.78521611,0.029335797,0.970664203,0.877940157,0.039679075,480,119,84,20,27,http://services.itis.gov/?q=tsn:201897,"Atractosteus spatula,Lepisosteus spatula","Arkansas,Florida,Kentucky,Mississippi,Missouri,Oklahoma,Tennessee","Arkansas,Florida,Illinois,Kentucky,Mississippi,Missouri,Ohio,Oklahoma,Tennessee,Texas",1,0,TRUE,,Yes,https://nas.er.usgs.gov/queries/FactSheet.aspx?SpeciesID=755,178.0166639,2319.603378,8016.235219,28247.2872,483277.012,4921.49437,77509.53,37,28,34,39,79,41,48,43.71429,16.73035,0.338618,38.27205,416944.6493,91,2.250461,3.365414,3.90397,4.450977,4.889355,3.692097,5.684196,5.620078,,,,Aspatula,Aspatula,37,Lepisost,Atractos,201897,.,1,305,11,50,200000,0,3,0,0,0,0,0,1,0,0,0,0,0,0,0,0,0,0,0,0,0,0,0,0,0,0,0,1,3,3,8
Erimyzon tenuis,Catostomidae,Erimyzon,tenuis,sharpfin chubsucker,0.139698972,0.860301028,0.100820129,0.899179871,0.879740449,0.007215616,558,390,45,34,200,NA,NA,NA,NA,0,0,FALSE,,No,,1068.147818,16704.30629,40757.47987,83241.52644,133165.7164,20964.03789,122031.9,95,90,89,79,52,82,65,78.85714,15.33437,0.617214,19.44576,134189.7461,55,3.028631,4.222828,4.610207,4.92034,5.086473,4.321475,5.124392,5.127719,,,,Etenuis,Etenius,295,Catostom,Erimyzon,163926,.,1,40,3,8,10000,0,2,0,0,0,0,0,1,0,0,0,0,0,0,0,0,0,0,0,0,0,0,0,0,0,0,0,0,0,4,11
Entosphenus similis,Petromyzontidae,Entosphenus,similis,Klamath river lamprey,0.21165341,0.78834659,0.007183403,0.992816597,0.890581594,0.056650398,60,7,3,3,15,http://services.itis.gov/?q=tsn:914058,"Entosphenus similis,Lampetra similis",California,California,1,0,FALSE,,No,,79.71689114,1324.801846,3933.722575,10124.99209,7809.54099,1672.037099,13394.73,11,10,10,11,14,9,11,10.85714,1.573592,0.078143,14.49361,13344.64403,9,1.90155,3.122151,3.594804,4.005395,4.126934,3.223246,3.892626,4.125307,,Former name: Lampetra similis,Lampetra similis in NatureServe (note from MC Mims: also downnloaded as E. similis when downloaded in bulk by J. Smith),,,NA,,,NA,.,NA,NA,NA,NA,NA,NA,NA,NA,NA,NA,NA,NA,NA,NA,NA,NA,NA,NA,NA,NA,NA,NA,NA,NA,NA,NA,NA,NA,NA,NA,NA,NA,NA,NA,NA,NA
Oregonichthys crameri,Cyprinidae,Oregonichthys,crameri,Oregon chub,0.205490289,0.794509711,0.010553741,0.989446259,0.891977985,0.061175988,184,30,8,7,23,http://services.itis.gov/?q=tsn:163879,Oregonichthys crameri,Oregon,Oregon,1,0: delisted due to recovery,FALSE,,No,,117.3399884,1764.403278,5091.544312,12527.89388,9793.19831,2122.649196,19075.09,24,18,15,17,18,13,19,17.71429,3.450328,0.132503,19.47766,30704.91051,18,2.069446,3.246598,3.70685,4.097878,4.280467,3.326878,3.990925,4.487208,,Hybopsis crameri,,Ocrameri,Ocrameri,619,Cyprinid,Oregonic,163879,.,1,9,1,2,300,0,3,0,0,0,0,0,1,0,0,0,0,0,0,0,0,0,0,0,0,0,0,0,0,0,0,0,1,1,3,9
Moxostoma ariommum,Catostomidae,Moxostoma,ariommum,bigeye jumprock,0.205577132,0.794422868,0.009574175,0.990425825,0.892424346,0.050724133,55,13,4,2,24,http://services.itis.gov/?q=tsn:163934,"Moxostoma ariommum,Scartomyzon ariommus","North Carolina,Virginia","North Carolina,Virginia",1,0,FALSE,,No,,133.6768365,1968.304718,4886.504384,10594.44705,4848.647748,2497.123876,10653.73,26,21,14,13,9,20,7,15.71429,6.872998,0.116648,43.73726,15674.05895,11,2.126056,3.294092,3.688998,4.025078,4.027502,3.39744,3.685621,4.195181,,,,Mariommu,Mariommu,468,Catostom,Moxostom,163934,.,1,20,3,7.5,NA,0,1.5,0,0,1,0,0,0,0,0,0,0,0,0,0,0,0,0,0,0,0,0,0,0,0,0,0,0,0,3,12
Notropis wickliffi,Cyprinidae,Notropis,wickliffi,channel shiner,0.202552582,0.797447418,0.011718774,0.988281226,0.892864322,0.064845369,74,17,9,6,17,http://services.itis.gov/?q=tsn:163491,Notropis wickliffi,,"Arkansas,Iowa",1,0,FALSE,,No,,82.5624505,1776.329319,5999.719644,18160.24243,126330.4705,2350.656013,24743.45,12,19,26,29,51,17,26,25.71429,12.64535,0.195923,49.17634,60806.73388,34,1.916783,3.249523,3.778131,4.259122,4.39346,3.371189,5.101508,4.783952,,,,,,NA,,,NA,.,NA,NA,NA,NA,NA,NA,NA,NA,NA,NA,NA,NA,NA,NA,NA,NA,NA,NA,NA,NA,NA,NA,NA,NA,NA,NA,NA,NA,NA,NA,NA,NA,NA,NA,NA,NA
Nocomis effusus,Cyprinidae,Nocomis,effusus,redtail chub,0.199971035,0.800028965,0.012627988,0.987372012,0.893700488,0.072678134,35,150,15,7,18,NA,NA,NA,NA,0,0,FALSE,,No,,87.53541908,1616.322623,5187.843463,15724.1775,22215.88026,1759.768977,34717.77,13,14,16,25,25,10,31,19.14286,7.81939,0.143828,40.84756,34663.79759,22,1.942184,3.208528,3.714987,4.196568,4.540552,3.245456,4.346664,4.539876,Species included to maintain geographic representation of the Mississippi region,,,Neffusus,Neffusus,539,Cyprinid,Nocomis,163396,.,1,23,2.5,5,1000,0,2,0,0,0,0,0,0,0,0,1,0,0,0,0,0,0,0,0,0,0,0,0,0,0,0,0,0,0,6,9
Pteronotropis signipinnis,Cyprinidae,Pteronotropis,signipinnis,flagfin shiner,0.109071939,0.890928061,0.103363782,0.896636218,0.89378214,0.010138562,906,245,20,26,221,http://services.itis.gov/?q=tsn:201942,Pteronotropis signipinnis,Louisiana,Louisiana,1,0,FALSE,,No,,1437.283513,18766.23942,39368.84389,67759.198,80960.1777,22838.57582,83116.03,103,95,87,71,44,85,51,76.57143,22.22504,0.599094,29.02524,81178.26332,40,3.157542,4.273377,4.595153,4.830968,4.919685,4.358669,4.908271,4.90944,,,,Psignipi,Psignipi,704,Cyprinid,Pteronot,201942,.,1,7,1,2,500,1,4.5,0,0,0,0,0,1,0,0,0,0,0,0,0,0,0,0,0,0,0,0,0,0,0,0,0,0,0,4,8
Noturus placidus,Ictaluridae,Noturus,placidus,Neosho Madtom,0.197552198,0.802447802,0.011674027,0.988325973,0.895386887,0.026017897,63,13,8,7,22,http://services.itis.gov/?q=tsn:164023,Noturus placidus,"Kansas,Missouri,Oklahoma","Kansas,Missouri,Oklahoma",2,2,FALSE,,No,,100.2408909,1786.063131,5514.984661,14162.87195,22659.34984,2371.533686,23767.14,18,20,21,22,26,19,25,21.57143,2.992053,0.16308,13.87044,36122.12277,25,2.001045,3.251897,3.741544,4.151151,4.375977,3.375029,4.355247,4.557773,,,,Nplacidu,Nplacidu,584,Ictaluri,Noturus,164023,.,1,7,1,2,60,0,2,0,0,0,0,0,0,0,0,0,0,0,0,0,0,0,0,0,0,0,0,0,0,1,0,0,1,2,2,7
Chologaster cornuta,Amblyopsidae,Chologaster,cornuta,swampfish,0.117105946,0.882894054,0.082938058,0.917061942,0.899977998,0.014319901,239,413,54,36,162,http://services.itis.gov/?q=tsn:164390,Chologaster cornuta,Virginia,"Georgia,South Carolina",1,0,FALSE,,No,,642.382619,13096.66827,37632.27196,81990.73268,119622.7934,15072.00203,131235.63,85,87,86,77,50,76,68,75.57143,13.17646,0.591166,17.43577,149360.0968,58,2.807794,4.117161,4.57556,4.913765,5.118052,4.178171,5.077814,5.174235,,,,Ccornuta,Ccornuta,73,Amblyops,Chologas,164390,.,1,6.8,1,3,426,0,1.75,0,0,0,0,0,0,0,0,0,0,0,0,0,0,0,0,0,0,0,0,0,0,0,0,1,0,0,2,11
Moxostoma robustum,Catostomidae,Moxostoma,robustum,robust redhorse,0.18332635,0.81667365,0.015016851,0.984983149,0.900828399,0.049144185,90,182,23,9,16,http://services.itis.gov/?q=tsn:163945,Moxostoma robustum,"Georgia,North Carolina,South Carolina,Virginia","Georgia,North Carolina,South Carolina",1,3,FALSE,,No,,98.23251982,1551.917532,5276.060586,17243.69426,69772.82186,1865.412258,44203.86,17,12,18,27,42,11,36,23.28571,12.05148,0.17667,51.75481,56193.22158,30,1.992255,3.190869,3.72231,4.23663,4.64546,3.270775,4.843686,4.749684,,,,Mrobustu,Mrobustu,498,Catostom,Moxostom,163945,smallfin redhorse,1,71,5.5,27,NA,0,1.5,0,0,1,0,0,0,0,0,0,0,0,0,0,0,0,0,0,0,0,0,0,0,0,0,0,0,0,2,14
Ictalurus lupus,Ictaluridae,Ictalurus,lupus,Headwater catfish,0.187943975,0.812056025,0.002744999,0.997255001,0.904655513,0.049034575,15,70,26,2,5,http://services.itis.gov/?q=tsn:164001,Ictalurus lupus,"New Mexico,Texas",Texas,1,0,FALSE,,No,,21.07663703,375.6750041,1132.362669,3509.966212,1062.230493,638.5965043,13610.4,2,2,2,2,2,2,12,3.428571,3.779645,0.019253,110.2396,75295.17722,38,1.323801,2.574812,3.053986,3.545303,4.133871,2.805227,3.026219,4.876767,Species included to maintain geographic representaiton of the Mississippi region,,,Ilupus,Ilupus,404,Ictaluri,Ictaluru,164001,.,1,37,3,9,4000,1,8,0,0,0,0,0,0,0,0,0,0,0,0,0,0,0,0,0,0,0,0,0,0,1,0,0,1,4,5,14
Percina gymnocephala,Percidae,Percina,gymnocephala,Appalachia darter,0.171591943,0.828408057,0.0120361,0.9879639,0.908185978,0.036063729,86,209,14,3,31,http://services.itis.gov/?q=tsn:168484,Percina gymnocephala,"Virginia,West Virginia","North Carolina,Virginia,West Virginia",1,0,FALSE,,No,,179.2892199,2191.520332,5342.387801,13937.1272,18281.52728,2589.438788,15290.12,38,26,19,21,24,22,15,23.57143,7.276839,0.178935,30.87144,19991.17384,13,2.253554,3.340746,3.727735,4.144173,4.184411,3.413206,4.262012,4.300838,,,,Pgymnoce,Pgymnoce,663,Percidae,Percina,168484,.,1,9.6,2,3,300,0,1.5,0,0,0,0,0,0,0,0,0,1,0,0,0,0,0,0,0,0,0,0,0,0,0,0,0,0,0,2,10
Microgadus tomcod,Gadidae,Microgadus,tomcod,Atlantic tomcod,0.178277638,0.821722362,0.002962684,0.997037316,0.909379839,0.043187464,12,29,13,4,7,https://www1.usgs.gov/csas/swap/species_view.html?sciname=Microgadus%20tomcod,Microgadus tomcod,"New York, Conneticut, Rhode Island","New York, Conneticut, Rhode Island, Delaware, New Jersey, ",1,0,FALSE,,No,,22.87087402,547.0248753,2144.53037,7693.28931,14472.08346,923.1207249,9615.96,3,3,4,7,22,3,5,6.714286,6.897204,0.0453,102.7243,43719.21822,27,1.359283,2.738007,3.331332,3.886112,3.982993,2.965259,4.160531,4.640672,Species included to maintain taxonomic representation of the family group ,,"New species added in July 2018, increasing initial dataset from 124 to 129 species",,,NA,,,NA,.,NA,NA,NA,NA,NA,NA,NA,NA,NA,NA,NA,NA,NA,NA,NA,NA,NA,NA,NA,NA,NA,NA,NA,NA,NA,NA,NA,NA,NA,NA,NA,NA,NA,NA,NA,NA
Noturus albater,Ictaluridae,Noturus,albater,Ozark matdom,0.158412354,0.841587646,0.01763816,0.98236184,0.911974743,0.026722934,97,79,13,7,35,NA,NA,NA,NA,0,0,TRUE,,No,,140.0924676,2748.182758,8596.718088,23240.65924,24819.01899,3170.775513,33841.91,27,34,37,35,27,32,29,31.57143,3.994043,0.242356,12.65082,33925.54526,20,2.146415,3.439046,3.934333,4.366248,4.529455,3.501165,4.394785,4.530527,,,,Nalbater,Nalbater,506,Ictaluri,Noturus,164006,.,1,12,2,3.5,150,0,2,0,0,0,0,0,0,0,0,0,0,0,0,0,0,0,0,0,0,0,0,0,1,0,0,0,0,0,2,10
Elassoma okefenokee,Elassomatidae,Elassoma,okefenokee,bluebarred pygmy sunfish,0.12158337,0.87841663,0.04804844,0.95195156,0.915184095,0.019751129,166,82,32,14,76,NA,NA,NA,NA,0,0,FALSE,,No,,325.5760365,6310.645315,17905.65543,41565.60823,54736.55875,13122.72055,70672.6,60,60,61,56,36,70,47,55.71429,11.05613,0.433749,19.84434,81999.47983,41,2.512652,3.800074,4.25299,4.618734,4.849251,4.118024,4.738277,4.913811,,,,Eokefeno,Eokefeno,257,Elassoma,Elassoma,168170,.,1,3.4,NA,NA,25,NA,3,0,0,0,0,0,0,0,0,0,0,0,0,0,0,1,0,0,0,0,0,0,0,0,0,0,0,0,0,7
Fundulus rathbuni,Fundulidae,Fundulus,rathbuni,Speckled killifish,0.123765079,0.876234921,0.043617708,0.956382292,0.916308607,0.048032291,295,157,12,10,107,http://services.itis.gov/?q=tsn:165665,Fundulus rathbuni,Virginia,Virginia,1,0,FALSE,,No,,562.0950184,7883.152374,18186.62564,34380.28813,32901.73979,9360.183459,43110.01,79,72,62,48,32,62,35,55.71429,17.96955,0.433749,32.25304,55976.38842,29,2.74981,3.8967,4.259752,4.53631,4.634578,3.971284,4.517219,4.748005,,,,Frathbun,Frathbun,334,Fundulid,Fundulus,165665,.,1,9.6,1.5,3,300,1,1.75,0,0,0,0,1,0,0,0,0,0,0,0,0,0,0,0,0,0,0,0,0,0,0,0,0,0,0,3,8
Ammocrypta meridiana,Percidae,Ammocrypta,meridiana,southern sand darter,0.105046909,0.894953091,0.0611675,0.9388325,0.916892796,0.00637809,458,277,19,18,126,NA,NA,NA,NA,0,0,FALSE,,No,,692.5096243,9698.828233,25111.31369,51186.85224,60316.69151,13370.68889,67512.25,86,78,71,61,41,73,46,65.14286,16.64761,0.508494,25.55554,69979.562,37,2.840426,3.986719,4.399869,4.709158,4.829383,4.126154,4.780438,4.844971,,,,Ameridia,Emeridia,240,Percidae,Ammocryp,168516,.,1,5.8,NA,NA,NA,NA,2,NA,NA,NA,NA,NA,NA,NA,NA,NA,NA,NA,NA,NA,NA,NA,NA,NA,NA,NA,NA,0,NA,NA,NA,NA,0,0,1,6
Catostomus snyderi,Catostomidae,Catostomus,snyderi,Klamath largescale sucker,0.14725321,0.85274679,0.014032892,0.985967108,0.919356949,0.026426508,87,13,5,5,25,http://services.itis.gov/?q=tsn:163913,Catostomus snyderi,California,California,1,0,FALSE,,No,,149.7360609,2522.137215,6702.272227,14270.54696,8289.575824,3098.450031,21291.51,30,32,29,24,16,31,20.5,26.07143,6.058249,0.198754,23.23712,35331.25376,23,2.175326,3.401769,3.826222,4.154441,4.328206,3.491144,3.918532,4.548159,,,,Csnyderi,Csnyderi,146,Catostom,Catostom,163913,.,1,55,5,41,65000,0,2.5,0,0,1,0,0,0,0,0,0,0,0,0,0,0,0,0,0,0,0,0,0,0,0,0,0,1,2,4,9
Ameiurus serracanthus,Ictaluridae,Ameiurus,serracanthus,Spotted bullhead,0.12713722,0.87286278,0.02584183,0.97415817,0.923510475,0.014390631,130,32,8,13,41,http://services.itis.gov/?q=tsn:164047,Ameiurus serracanthus,"Florida,Georgia","Florida,Georgia",1,0,FALSE,,No,,195.2565507,3303.553841,10268.89228,30263.03571,57346.27819,4033.638908,56955.59,43,41,40,42,39,37,44,40.85714,2.410295,0.315968,5.899324,66343.58338,36,2.290606,3.518981,4.011524,4.480912,4.755536,3.605697,4.758505,4.821799,,Former name: Ictalurus serracanthus,changed HUC8 from 8 to 13 due to multiple scientific names for species18Jan2018,Aserraca,Aserraca,36,Ictaluri,Ameiurus,164047,.,1,28,3,6,1742,1,6,0,0,0,0,0,0,0,0,0,0,0,0,0,0,0,0,0,0,0,0,0,0,1,0,0,1,3,5,10
Notropis alborus,Cyprinidae,Notropis,alborus,whitemouth shiner,0.09496088,0.90503912,0.04563545,0.95436455,0.929701835,0.009682413,344,161,16,12,106,http://services.itis.gov/?q=tsn:163422,Notropis alborus,"South Carolina,Virginia","South Carolina,Virginia",1,0,FALSE,,No,,640.1182966,8889.118959,17465.78999,30014.12541,27945.96784,9090.423989,47532.24,84,74,59,40,30,61,38,55.14286,19.97022,0.429219,36.21542,55184.38611,28,2.80626,3.948859,4.242188,4.477326,4.676988,3.958584,4.446319,4.741816,,,,Nalborus,Nalborus,508,Cyprinid,Notropis,163422,.,1,6,1,2,500,1,2,0,0,0,1,0,0,0,0,0,0,0,0,0,0,0,0,0,0,0,0,0,0,0,0,0,0,0,4,13
Chasmistes brevirostris,Catostomidae,Chasmistes,brevirostris,shortnose sucker,0.123046671,0.876953329,0.015884766,0.984115234,0.930534281,0.027510748,324,6,4,5,23,http://services.itis.gov/?q=tsn:163961,Chasmistes brevirostris,"California,Oregon","California,Oregon",3,1,FALSE,,No,,264.3804542,2322.164499,5824.299616,12906.68358,7244.456111,2783.470777,21291.51,53,29,23,18,12,26,20.5,25.92857,13.14797,0.197622,50.70841,22831.39987,16,2.422229,3.365893,3.765244,4.110815,4.328206,3.444587,3.860006,4.358533,,,,Cbreviro,Cbreviro,58,Catostom,Chasmist,163961,.,1,50,6.5,35,46000,0,2.5,0,0,1,0,0,0,0,0,0,0,0,0,0,0,0,0,0,0,0,0,0,0,0,0,0,1,1,4,9
Etheostoma bellum,Percidae,Etheostoma,bellum,orangefin darter,0.124994664,0.875005336,0.010261656,0.989738344,0.93237184,0.037921598,54,111,4,2,29,http://services.itis.gov/?q=tsn:168374,Etheostoma bellum,Tennessee,Tennessee,1,0,FALSE,,No,,124.959843,1996.950641,5212.154995,11185.10676,6160.233772,2507.083865,13999.98,25,22,17,14,11,21,13,17.57143,5.223573,0.13137,29.72765,14026.92159,10,2.09677,3.300367,3.717017,4.04864,4.146127,3.399169,3.789597,4.146962,,,,Ebellum,Ebellum,181,Percidae,Etheosto,168374,.,1,8.6,1,NA,41,NA,1.5,NA,NA,NA,NA,NA,NA,NA,NA,NA,NA,NA,NA,NA,NA,NA,NA,NA,NA,NA,NA,0,NA,NA,NA,NA,0,0,1,7
Cottus princeps,Cottidae,Cottus,princeps,Klamath Lake sculpin,0.122800135,0.877199865,0.008588189,0.991411811,0.934305838,0.030462741,73,3,2,4,11,NA,NA,NA,NA,0,0,FALSE,,No,,145.0222772,1162.115984,2540.158032,6142.115785,3498.892039,1529.931611,17604.92,28,9,7,4,5,7,18,11.14286,8.745067,0.080408,78.48137,21234.35296,15,2.161435,3.065249,3.404861,3.788318,4.245634,3.184672,3.543931,4.327039,,,,Cprincep,Cprincep,132,Cottidae,Cottus,167250,.,1,7,NA,NA,NA,NA,NA,NA,NA,NA,NA,NA,NA,NA,NA,NA,NA,NA,NA,NA,NA,NA,NA,NA,NA,NA,NA,0,NA,NA,NA,NA,0,0,0,9
Pteronotropis euryzonus,Cyprinidae,Pteronotropis,euryzonus,broadstripe shiner,0.113317596,0.886682404,0.010547295,0.989452705,0.938067554,0.009365395,82,32,3,2,29,http://services.itis.gov/?q=tsn:201939,Pteronotropis euryzonus,"Alabama,Georgia","Alabama,Georgia",1,0,FALSE,,No,,146.2835386,2158.727604,6313.764593,14227.81585,8002.659565,2328.814149,10586.32,29,25,27,23,15,16,6,20.14286,8.173709,0.151755,40.5787,10655.52007,4,2.165195,3.334198,3.800288,4.153138,4.024745,3.367135,3.903234,4.027575,,,,Peuryzon,Peuryzon,657,Cyprinid,Pteronot,201939,.,1,7.5,0.5,2,800,1,NA,0,0,0,0,0,1,0,0,0,0,0,0,0,0,0,0,0,0,0,0,0,0,0,0,0,1,3,4,14
Fundulus bifax,Fundulidae,Fundulus,bifax,Stippled studfish,0.092256955,0.907743045,0.009263644,0.990736356,0.949239701,0.005362678,83,21,4,4,17,http://services.itis.gov/?q=tsn:165671,Fundulus bifax,Georgia,Georgia,1,0,FALSE,,No,,90.35375099,1634.544539,4290.447578,9573.343996,4645.048703,2318.021174,17228.73,14,15,11,8,7,15,17,12.42857,3.823486,0.0906,30.76368,17130.3411,12,1.955946,3.213397,3.632503,3.981064,4.236253,3.365117,3.66699,4.233766,,,,Fbifax,Fbifax,316,Fundulid,Fundulus,165671,.,1,14.5,1,NA,240,NA,4,NA,NA,NA,NA,NA,NA,NA,NA,NA,NA,NA,NA,NA,NA,NA,NA,NA,NA,NA,NA,0,NA,NA,NA,NA,1,3,1,9
Cyprinella lepida,Cyprinidae,Cyprinella,lepida,Plateau shiner,0.089501838,0.910498162,0.007204032,0.992795968,0.951647065,0.017247313,146,35,8,2,20,http://services.itis.gov/?q=tsn:163790,Cyprinella lepida,Texas,Texas,1,0,FALSE,,No,,102.2884536,1581.741345,4377.359752,9836.134264,4711.442765,1877.941336,8178.43,19,13,12,10,8,12,3,11,4.898979,0.079275,44.53618,12968.87194,8,2.009827,3.199135,3.641212,3.992824,3.91267,3.273682,3.673154,4.112902,,,,Clepida,Clepida,102,Cyprinid,Cyprinel,163790,Edwards Plateau shiner,1,7.5,NA,NA,NA,NA,6,NA,NA,NA,NA,NA,NA,NA,NA,NA,NA,NA,NA,NA,NA,NA,NA,NA,NA,NA,NA,0,NA,NA,NA,NA,1,3,0,6
Semotilus lumbee,Cyprinidae,Semotilus,lumbee,sandhills chub,0.073138346,0.926861654,0.016776185,0.983223815,0.955042734,0.041972271,92,296,20,8,33,http://services.itis.gov/?q=tsn:163377,Semotilus lumbee,"North Carolina,South Carolina","North Carolina,South Carolina",1,0,FALSE,,No,,203.7268877,2767.831055,5893.850504,11788.33735,5245.860147,2928.429302,31782.6,46,35,25,15,10,27,28,26.57143,11.98412,0.202718,45.10151,36003.78731,24,2.309048,3.44214,3.770399,4.071453,4.502189,3.466635,3.719817,4.556348,,,,Slumbee,Slumbee,743,Cyprinid,Semotilu,163377,.,1,20,2,5,5000,0,2,0,0,0,0,0,0,0,0,0,1,0,0,0,0,0,0,0,0,0,0,0,0,0,0,0,1,3,5,7
Lythrurus snelsoni,Cyprinidae,Lythrurus,snelsoni,Ouachita shiner,0.075735802,0.924264198,0.013899276,0.986100724,0.955182461,0.007416053,80,5,1,3,39,http://services.itis.gov/?q=tsn:163859,"Lythrurus snelsoni,Lythurus snelsoni","Arkansas,Oklahoma","Arkansas,Oklahoma",1,0,TRUE,,No,,208.1341048,2968.9619,5877.330891,10186.06934,4344.004036,3943.572422,10981.69,47,38,24,12,6,36,8,24.42857,16.28759,0.18573,66.67436,10959.68217,5,2.318343,3.472605,3.76918,4.008007,4.040669,3.59589,3.63789,4.039798,,,,Lsnelson,Nsnelson,599,Cyprinid,Lythruru,163859,Ouachita mountain shiner,1,5.1,1,2,200,0,2,NA,NA,NA,NA,NA,NA,NA,NA,NA,NA,NA,NA,NA,NA,NA,NA,NA,NA,NA,NA,0,NA,NA,NA,NA,1,3,3,10
Notropis cahabae,Cyprinidae,Notropis,cahabae,Cahaba shiner,0.08076999,0.91923001,0.003943106,0.996056894,0.957643452,0.006079656,59,15,1,2,10,http://services.itis.gov/?q=tsn:163480,Notropis cahabae,Alabama,Alabama,3,1,FALSE,,No,,56.22656238,821.9863437,2420.137833,6347.491566,1932.21145,1203.924663,7858.51,6,5,5,5,3,5,2,4.428571,1.397276,0.02718,31.5514,7916.834573,2,1.749942,2.914865,3.38384,3.802602,3.89534,3.080599,3.286055,3.898552,,,,Ncahabae,Ncahabae,529,Cyprinid,Notropis,163480,.,1,5.1,1,2,280,NA,4,NA,NA,NA,NA,NA,NA,NA,NA,NA,NA,NA,NA,NA,NA,NA,NA,NA,NA,NA,NA,0,NA,NA,NA,NA,1,1,4,7
Percina aurora,Percidae,Percina,aurora,pearl darter,0.067811143,0.932188857,0.015969258,0.984030742,0.958109799,0.012568657,123,25,9,6,24,http://services.itis.gov/?q=tsn:553383,Percina aurora,"Louisiana,Mississippi","Louisiana,Mississippi",2,2,FALSE,,No,,275.1080837,2494.116323,5587.599307,13460.73349,11977.24997,2737.012824,21433.97,56,31,22,19,20,24,22,27.71429,13.07305,0.211778,47.17082,38006.61543,26,2.439503,3.396917,3.747225,4.129069,4.331103,3.437277,4.078357,4.579859,,,,Paurora,Paurora,638,Percidae,Percina,553383,pearl channel darter,1,6.4,1,2,NA,NA,3.5,0,0,1,0,0,0,0,0,0,0,0,0,0,0,0,0,0,0,0,0,0,0,0,0,0,1,1,2,9
Micropterus notius,Centrarchidae,Micropterus,notius,Suwanne Bass,0.065665955,0.934334045,0.011275217,0.988724783,0.961529415,0.00886973,67,24,5,5,19,http://services.itis.gov/?q=tsn:168164,Micropterus notius,"Florida,Georgia","Florida,Georgia",1,0,TRUE,,No,,115.337086,1745.55499,4730.101701,11820.12437,15339.37599,2362.346431,22469.42,22,17,13,16,23,18,23,18.85714,3.891382,0.141563,20.63612,34180.81963,21,2.061969,3.241934,3.67487,4.072622,4.351592,3.373344,4.185808,4.533782,,,,Mnotius,Mnotius,494,Centrarc,Micropte,168164,.,1,40,3,12,20000,0,5,0,0,0,0,0,0,0,0,0,0,0,0,0,0,0,1,0,0,0,0,0,0,0,0,0,0,0,3,14
Gambusia heterochir,Poeciliidae,Gambusia,heterochir,Clear Creek gambusia,0.052522159,0.947477841,0,1,0.973738921,0.006931774,221,2,1,1,2,http://services.itis.gov/?q=tsn:165887,Gambusia heterochir,Texas,Texas,3,1,FALSE,,No,,11.41810672,145.5814011,442.8334166,1498.939838,6.623645155,232.4314041,5947.28,1,1,1,1,1,1,1,1,0,0,0,6013.632972,1,1.057594,2.163106,2.64624,3.175784,3.774318,2.366295,0.821097,3.779137,,,,Gheteroc,Gheteroc,357,Poecilii,Gambusia,165887,.,1,5.4,NA,NA,NA,1,7,NA,NA,NA,NA,NA,NA,NA,NA,NA,NA,NA,NA,NA,NA,NA,NA,NA,NA,NA,NA,0,NA,NA,NA,NA,1,1,3,10
Elassoma boehlkei,Elassomatidae,Elassoma,boehlkei,spring pygmy sunfish,0.046622293,0.953377707,0.005616133,0.994383867,0.973880787,0.006586071,53,14,3,4,10,http://services.itis.gov/?q=tsn:168172,Elassoma boehlkei,"North Carolina,South Carolina","North Carolina,South Carolina",1,3,FALSE,,No,,74.57377643,874.8087121,2538.790805,7187.16498,9787.237468,1065.024287,14344.93,9,6,6,6,17,4,14,8.857143,4.845223,0.062288,54.70414,21014.83483,14,1.872586,2.941913,3.404627,3.856558,4.156698,3.02736,3.99066,4.322526,,,,Eboehlke,Eboehlke,185,Elassoma,Elassoma,168172,.,1,3.3,1,1.5,76,0,1.5,0,0,0,0,0,0,0,0,0,0,0,0,0,0,1,0,0,0,0,0,0,0,0,0,0,0,0,2,7
